-- [ GROUPS ]
INSERT INTO school.groups (group_id, group_name) VALUES ('46fa82ce-4e6d-45ae-a4e4-914971f1eb4f', 'YT-80');
INSERT INTO school.groups (group_id, group_name) VALUES ('408a9358-c6b1-4b36-8912-7bbd4803f1b1', 'BA-51');
INSERT INTO school.groups (group_id, group_name) VALUES ('d73d111e-7159-48e5-9247-e050db9e0437', 'OU-60');
INSERT INTO school.groups (group_id, group_name) VALUES ('10562d54-0acc-4fbf-baba-98c0aa77a900', 'SV-51');
INSERT INTO school.groups (group_id, group_name) VALUES ('d5059fae-2c1b-46df-b773-41ef18b139be', 'ZW-18');
INSERT INTO school.groups (group_id, group_name) VALUES ('292f0fec-82a9-47ec-82d3-2fc0956b07dc', 'NT-84');
INSERT INTO school.groups (group_id, group_name) VALUES ('6fa657c1-e8e6-405c-94d5-7314ad758039', 'TR-49');
INSERT INTO school.groups (group_id, group_name) VALUES ('e55a0b30-cb32-4b4e-87a3-51163b920a19', 'LU-80');
INSERT INTO school.groups (group_id, group_name) VALUES ('8e2e1511-8105-441f-97e8-5bce88c0267a', 'UZ-48');
INSERT INTO school.groups (group_id, group_name) VALUES ('0cbb0226-1ae7-4c93-8bd9-e49766ead6a4', 'BG-24');

-- -- [ COURSES ]
INSERT INTO school.courses (course_id, course_name, course_description) VALUES ('1a94740f-cab8-4522-91fa-ad996c72b92d', 'Computer science', 'Subject Computer science');
INSERT INTO school.courses (course_id, course_name, course_description) VALUES ('cea9af46-4727-4822-8f06-807efe886f42', 'Economics', 'Subject Economics');
INSERT INTO school.courses (course_id, course_name, course_description) VALUES ('1565f8d4-35bb-4c48-9045-c91acdb753ec', 'Chemistry', 'Subject Chemistry');
INSERT INTO school.courses (course_id, course_name, course_description) VALUES ('df5b330d-5f6a-4223-8d0b-b71f45636b9f', 'Literature', 'Subject Literature');
INSERT INTO school.courses (course_id, course_name, course_description) VALUES ('acffffde-c76d-4618-9a32-2e79d5cd087e', 'Music', 'Subject Music');
INSERT INTO school.courses (course_id, course_name, course_description) VALUES ('99c44d20-1056-49a7-a3a4-2e86cf4e0688', 'Botany', 'Subject Botany');
INSERT INTO school.courses (course_id, course_name, course_description) VALUES ('d6d50d2f-d3e7-4b74-aff6-4429fcdb51f5', 'Biology', 'Subject Biology');
INSERT INTO school.courses (course_id, course_name, course_description) VALUES ('9edbc2f6-15a6-4529-a298-379ea64fef12', 'Math', 'Subject Math');
INSERT INTO school.courses (course_id, course_name, course_description) VALUES ('c4b891c8-d3bb-4ac2-8a9b-aa4644230160', 'History', 'Subject History');
INSERT INTO school.courses (course_id, course_name, course_description) VALUES ('51d5f402-7150-4bab-af7c-816bdba735f5', 'Astronomy', 'Subject Astronomy');

-- [ STUDENTS ]
INSERT INTO school.students (student_id, first_name, last_name, group_id) VALUES ('a46e9a8e-f535-4437-8bbf-c3a7216e74e5', 'Mia', 'Phillips', '46fa82ce-4e6d-45ae-a4e4-914971f1eb4f');
INSERT INTO school.students (student_id, first_name, last_name, group_id) VALUES ('821a15ed-2e3c-4f32-a0b7-4e52d81b550f', 'Jessica', 'Anderson', '46fa82ce-4e6d-45ae-a4e4-914971f1eb4f');
INSERT INTO school.students (student_id, first_name, last_name, group_id) VALUES ('b0d48471-179e-4ac8-b0f2-741e3eededbd', 'George', 'Morgan', '46fa82ce-4e6d-45ae-a4e4-914971f1eb4f');
INSERT INTO school.students (student_id, first_name, last_name, group_id) VALUES ('a242b083-8b95-4d37-a932-5badc4a7053b', 'Emily', 'Lewis', '46fa82ce-4e6d-45ae-a4e4-914971f1eb4f');
INSERT INTO school.students (student_id, first_name, last_name, group_id) VALUES ('67828efa-10f2-4d89-8dc3-29a7650d5312', 'Ava', 'King', '46fa82ce-4e6d-45ae-a4e4-914971f1eb4f');
INSERT INTO school.students (student_id, first_name, last_name, group_id) VALUES ('a891fb50-6e82-433e-b090-311c0bfd5cdb', 'Oscar', 'Lewis', '46fa82ce-4e6d-45ae-a4e4-914971f1eb4f');
INSERT INTO school.students (student_id, first_name, last_name, group_id) VALUES ('5fee815f-d0d0-4c57-a5a9-641b89693a2e', 'Isabella', 'Anderson', '46fa82ce-4e6d-45ae-a4e4-914971f1eb4f');
INSERT INTO school.students (student_id, first_name, last_name, group_id) VALUES ('fe7b7c20-1786-4781-b12f-c3cd56dc5662', 'Lily', 'Cooper', '46fa82ce-4e6d-45ae-a4e4-914971f1eb4f');
INSERT INTO school.students (student_id, first_name, last_name, group_id) VALUES ('425e9df1-638d-4d40-9fea-0560b53514c6', 'Olivia', 'Walker', '46fa82ce-4e6d-45ae-a4e4-914971f1eb4f');
INSERT INTO school.students (student_id, first_name, last_name, group_id) VALUES ('2aea5a3b-60d5-4ccd-bf53-ab4cbf93e7a8', 'Oliver', 'Hill', '46fa82ce-4e6d-45ae-a4e4-914971f1eb4f');
INSERT INTO school.students (student_id, first_name, last_name, group_id) VALUES ('1a6984f9-fb56-414b-bb38-7f06665c1ff1', 'Ruby', 'Cooper', '46fa82ce-4e6d-45ae-a4e4-914971f1eb4f');
INSERT INTO school.students (student_id, first_name, last_name, group_id) VALUES ('b2bc2a93-d401-4722-88fe-4f468a494aa3', 'Jack', 'White', '46fa82ce-4e6d-45ae-a4e4-914971f1eb4f');
INSERT INTO school.students (student_id, first_name, last_name, group_id) VALUES ('49d64507-ae8c-424c-9ab4-2ca049012b1b', 'Harry', 'Hill', '46fa82ce-4e6d-45ae-a4e4-914971f1eb4f');
INSERT INTO school.students (student_id, first_name, last_name, group_id) VALUES ('61d46d88-5a58-4de2-bbeb-7b596cfbf6f0', 'Sophie', 'Walker', '46fa82ce-4e6d-45ae-a4e4-914971f1eb4f');
INSERT INTO school.students (student_id, first_name, last_name, group_id) VALUES ('0821da57-cedc-47ff-ba42-849e414a1d86', 'Lily', 'Anderson', '46fa82ce-4e6d-45ae-a4e4-914971f1eb4f');
INSERT INTO school.students (student_id, first_name, last_name, group_id) VALUES ('3a7bbc81-c662-4f8c-92ff-102d79408244', 'Thomas', 'King', '46fa82ce-4e6d-45ae-a4e4-914971f1eb4f');
INSERT INTO school.students (student_id, first_name, last_name, group_id) VALUES ('0f791f61-c144-4c6c-87fd-d5fdd1c3363e', 'Emily', 'Phillips', '46fa82ce-4e6d-45ae-a4e4-914971f1eb4f');
INSERT INTO school.students (student_id, first_name, last_name, group_id) VALUES ('f333125f-de36-4cb3-909b-e01b3c065e9b', 'Jacob', 'King', '46fa82ce-4e6d-45ae-a4e4-914971f1eb4f');
INSERT INTO school.students (student_id, first_name, last_name, group_id) VALUES ('b8be867c-67cc-44ef-9450-6565469a505f', 'Emily', 'Jackson', '46fa82ce-4e6d-45ae-a4e4-914971f1eb4f');
INSERT INTO school.students (student_id, first_name, last_name, group_id) VALUES ('c04457d2-8492-449a-9a88-c4d7e9484b02', 'Amelia', 'Anderson', '46fa82ce-4e6d-45ae-a4e4-914971f1eb4f');
INSERT INTO school.students (student_id, first_name, last_name, group_id) VALUES ('a6efce90-76cb-4dbc-a347-71f38720434c', 'Mia', 'Morgan', '46fa82ce-4e6d-45ae-a4e4-914971f1eb4f');
INSERT INTO school.students (student_id, first_name, last_name, group_id) VALUES ('bd9367ce-b19a-4c7d-aa61-90d592aa7898', 'Emily', 'Morgan', '46fa82ce-4e6d-45ae-a4e4-914971f1eb4f');
INSERT INTO school.students (student_id, first_name, last_name, group_id) VALUES ('f9d47eed-fb4c-4bca-8288-502be7d7249d', 'Olivia', 'Harris', '46fa82ce-4e6d-45ae-a4e4-914971f1eb4f');
INSERT INTO school.students (student_id, first_name, last_name, group_id) VALUES ('090d89ff-3c4c-4985-b966-e2aa509a80ee', 'Jessica', 'Edwards', '408a9358-c6b1-4b36-8912-7bbd4803f1b1');
INSERT INTO school.students (student_id, first_name, last_name, group_id) VALUES ('804f76a8-df6e-486b-9f45-1a639aa7114f', 'Thomas', 'Thomas', '408a9358-c6b1-4b36-8912-7bbd4803f1b1');
INSERT INTO school.students (student_id, first_name, last_name, group_id) VALUES ('fd069ed5-53e4-44a2-8244-f81b3bb3d22e', 'Ruby', 'King', '408a9358-c6b1-4b36-8912-7bbd4803f1b1');
INSERT INTO school.students (student_id, first_name, last_name, group_id) VALUES ('e2c60a5a-8b99-4fc9-b275-1cae822d4986', 'Emily', 'Phillips', '408a9358-c6b1-4b36-8912-7bbd4803f1b1');
INSERT INTO school.students (student_id, first_name, last_name, group_id) VALUES ('742c21dd-128e-46ef-bd26-470e6be0fa8d', 'George', 'Hill', '408a9358-c6b1-4b36-8912-7bbd4803f1b1');
INSERT INTO school.students (student_id, first_name, last_name, group_id) VALUES ('789e9c08-70e3-4e6b-b205-98f22f2ff633', 'Thomas', 'Edwards', '408a9358-c6b1-4b36-8912-7bbd4803f1b1');
INSERT INTO school.students (student_id, first_name, last_name, group_id) VALUES ('e51c6954-572e-4a24-9b78-88099f8c5149', 'Lily', 'Jackson', '408a9358-c6b1-4b36-8912-7bbd4803f1b1');
INSERT INTO school.students (student_id, first_name, last_name, group_id) VALUES ('5033d3e5-9df8-4513-a621-c6dfdebda6cc', 'Harry', 'Wood', '408a9358-c6b1-4b36-8912-7bbd4803f1b1');
INSERT INTO school.students (student_id, first_name, last_name, group_id) VALUES ('ff902a2c-7135-4faf-abfa-e47144241bfc', 'Sophie', 'Scott', '408a9358-c6b1-4b36-8912-7bbd4803f1b1');
INSERT INTO school.students (student_id, first_name, last_name, group_id) VALUES ('1410b764-d321-4ec3-a432-d7adca1fa764', 'William', 'Morgan', '408a9358-c6b1-4b36-8912-7bbd4803f1b1');
INSERT INTO school.students (student_id, first_name, last_name, group_id) VALUES ('b1883ffd-81f2-4f91-a283-c39f66611b44', 'Olivia', 'Thompson', '408a9358-c6b1-4b36-8912-7bbd4803f1b1');
INSERT INTO school.students (student_id, first_name, last_name, group_id) VALUES ('d8ac6bb8-b651-4387-a638-9ef53cdd66c9', 'William', 'Morgan', '408a9358-c6b1-4b36-8912-7bbd4803f1b1');
INSERT INTO school.students (student_id, first_name, last_name, group_id) VALUES ('83201519-03aa-4845-a7f3-b4a6884edbb4', 'Jessica', 'Phillips', '408a9358-c6b1-4b36-8912-7bbd4803f1b1');
INSERT INTO school.students (student_id, first_name, last_name, group_id) VALUES ('8302643a-f406-45d4-867a-ef947e8379da', 'Jack', 'Baker', '408a9358-c6b1-4b36-8912-7bbd4803f1b1');
INSERT INTO school.students (student_id, first_name, last_name, group_id) VALUES ('89518ac0-9fb3-43e0-9540-9c20f536000c', 'Ava', 'Thomas', '408a9358-c6b1-4b36-8912-7bbd4803f1b1');
INSERT INTO school.students (student_id, first_name, last_name, group_id) VALUES ('3837db08-2438-4d55-aa17-ea775bbe5d3e', 'Olivia', 'Wood', '408a9358-c6b1-4b36-8912-7bbd4803f1b1');
INSERT INTO school.students (student_id, first_name, last_name, group_id) VALUES ('f56dafcb-cfe4-42ea-9b0b-be812bc3bd2c', 'Charlie', 'Edwards', '408a9358-c6b1-4b36-8912-7bbd4803f1b1');
INSERT INTO school.students (student_id, first_name, last_name, group_id) VALUES ('6ef9305f-673c-4104-bae4-6fd94e89409b', 'Mia', 'Thompson', '408a9358-c6b1-4b36-8912-7bbd4803f1b1');
INSERT INTO school.students (student_id, first_name, last_name, group_id) VALUES ('029a5659-7c2a-4bf0-94b1-ea67d51fad74', 'Oliver', 'Cooper', '408a9358-c6b1-4b36-8912-7bbd4803f1b1');
INSERT INTO school.students (student_id, first_name, last_name, group_id) VALUES ('1ef7e595-3231-49dc-bf6d-722b5939ac9a', 'Emily', 'White', '408a9358-c6b1-4b36-8912-7bbd4803f1b1');
INSERT INTO school.students (student_id, first_name, last_name, group_id) VALUES ('01187f4a-f35b-4e6b-96ad-6f336ff2d76a', 'Amelia', 'Thompson', '408a9358-c6b1-4b36-8912-7bbd4803f1b1');
INSERT INTO school.students (student_id, first_name, last_name, group_id) VALUES ('43f20afa-1271-4e24-aa7e-e3cca30ae03b', 'Olivia', 'Harris', '408a9358-c6b1-4b36-8912-7bbd4803f1b1');
INSERT INTO school.students (student_id, first_name, last_name, group_id) VALUES ('bd0c1b38-e8da-46d6-9368-3800a71a96ec', 'Jacob', 'Hill', '408a9358-c6b1-4b36-8912-7bbd4803f1b1');
INSERT INTO school.students (student_id, first_name, last_name, group_id) VALUES ('7c40f616-24a2-404f-a205-deefcd702e4a', 'Sophie', 'Jackson', '408a9358-c6b1-4b36-8912-7bbd4803f1b1');
INSERT INTO school.students (student_id, first_name, last_name, group_id) VALUES ('db1102f2-beb4-43a1-956f-cb36258b02a9', 'Emily', 'Harris', 'd73d111e-7159-48e5-9247-e050db9e0437');
INSERT INTO school.students (student_id, first_name, last_name, group_id) VALUES ('52ae23c4-a2c0-4393-bde9-d6f92a6618fd', 'Charlie', 'Baker', 'd73d111e-7159-48e5-9247-e050db9e0437');
INSERT INTO school.students (student_id, first_name, last_name, group_id) VALUES ('c1d97780-9c01-46c7-ae1b-df986881cb30', 'Jack', 'Jackson', 'd73d111e-7159-48e5-9247-e050db9e0437');
INSERT INTO school.students (student_id, first_name, last_name, group_id) VALUES ('2e4c684d-12c1-4c9d-b35e-00e843233d46', 'Jack', 'Wood', 'd73d111e-7159-48e5-9247-e050db9e0437');
INSERT INTO school.students (student_id, first_name, last_name, group_id) VALUES ('87c92904-3b4b-4321-ba3e-599b4995e0ca', 'Thomas', 'Scott', 'd73d111e-7159-48e5-9247-e050db9e0437');
INSERT INTO school.students (student_id, first_name, last_name, group_id) VALUES ('e683bb29-2da1-4a7c-85f8-ff756273a4c8', 'Thomas', 'Scott', 'd73d111e-7159-48e5-9247-e050db9e0437');
INSERT INTO school.students (student_id, first_name, last_name, group_id) VALUES ('3d41a73d-509c-4bc0-bc84-dfdf1fa19f18', 'George', 'Thomas', 'd73d111e-7159-48e5-9247-e050db9e0437');
INSERT INTO school.students (student_id, first_name, last_name, group_id) VALUES ('2f242e34-f61c-4bf6-a703-bff5d3cb2028', 'William', 'Phillips', 'd73d111e-7159-48e5-9247-e050db9e0437');
INSERT INTO school.students (student_id, first_name, last_name, group_id) VALUES ('8dfb6a9f-e162-4c9f-b034-885175be4a9b', 'Lily', 'Hill', 'd73d111e-7159-48e5-9247-e050db9e0437');
INSERT INTO school.students (student_id, first_name, last_name, group_id) VALUES ('e479b1a9-4ab0-4fef-839c-3e1c8c254ea5', 'Jack', 'King', 'd73d111e-7159-48e5-9247-e050db9e0437');
INSERT INTO school.students (student_id, first_name, last_name, group_id) VALUES ('18c54cd9-ff4c-4fde-ac0c-9b41909a8781', 'Isabella', 'Anderson', 'd73d111e-7159-48e5-9247-e050db9e0437');
INSERT INTO school.students (student_id, first_name, last_name, group_id) VALUES ('16bb6fa7-b283-49c4-b495-e5c080d443cc', 'Jack', 'Hill', 'd73d111e-7159-48e5-9247-e050db9e0437');
INSERT INTO school.students (student_id, first_name, last_name, group_id) VALUES ('237531ca-c09c-4564-b0f2-ec6c4bc88cf1', 'Sophie', 'Wood', 'd73d111e-7159-48e5-9247-e050db9e0437');
INSERT INTO school.students (student_id, first_name, last_name, group_id) VALUES ('f2b19865-3d2f-417f-9516-1a06e8b92dfe', 'Ruby', 'White', 'd73d111e-7159-48e5-9247-e050db9e0437');
INSERT INTO school.students (student_id, first_name, last_name, group_id) VALUES ('b6c7613c-7b95-4411-a87b-aed618e2142a', 'Oliver', 'Scott', 'd73d111e-7159-48e5-9247-e050db9e0437');
INSERT INTO school.students (student_id, first_name, last_name, group_id) VALUES ('521dfd4e-06c3-424e-b26f-732b10774294', 'Emily', 'Walker', 'd73d111e-7159-48e5-9247-e050db9e0437');
INSERT INTO school.students (student_id, first_name, last_name, group_id) VALUES ('6c69bece-78b8-42f8-9e08-f92177d0eee9', 'Harry', 'Cooper', 'd73d111e-7159-48e5-9247-e050db9e0437');
INSERT INTO school.students (student_id, first_name, last_name, group_id) VALUES ('35e2890b-d611-4b95-8b3e-eecd180b2b9d', 'Thomas', 'Turner', 'd73d111e-7159-48e5-9247-e050db9e0437');
INSERT INTO school.students (student_id, first_name, last_name, group_id) VALUES ('94aea175-f660-4480-8787-35bd1542b3f7', 'Harry', 'White', 'd73d111e-7159-48e5-9247-e050db9e0437');
INSERT INTO school.students (student_id, first_name, last_name, group_id) VALUES ('fbfb5593-56f8-4f09-ac5b-a6e3aa6ad038', 'Oscar', 'Phillips', 'd73d111e-7159-48e5-9247-e050db9e0437');
INSERT INTO school.students (student_id, first_name, last_name, group_id) VALUES ('c87898f7-51e8-4842-863c-150376ee13f8', 'Olivia', 'Turner', 'd73d111e-7159-48e5-9247-e050db9e0437');
INSERT INTO school.students (student_id, first_name, last_name, group_id) VALUES ('8446a830-2b5a-41af-9f99-551405b31425', 'George', 'Walker', 'd73d111e-7159-48e5-9247-e050db9e0437');
INSERT INTO school.students (student_id, first_name, last_name, group_id) VALUES ('ecd4ca73-08dd-44ab-958a-829c1a550d27', 'Mia', 'Thompson', 'd73d111e-7159-48e5-9247-e050db9e0437');
INSERT INTO school.students (student_id, first_name, last_name, group_id) VALUES ('f6ffa57b-15e2-4eed-bf32-bec837420bf3', 'James', 'Scott', 'd73d111e-7159-48e5-9247-e050db9e0437');
INSERT INTO school.students (student_id, first_name, last_name, group_id) VALUES ('424bbbca-7776-484b-9270-edf2febdda4c', 'Jack', 'White', 'd73d111e-7159-48e5-9247-e050db9e0437');
INSERT INTO school.students (student_id, first_name, last_name, group_id) VALUES ('f792f3a2-a27a-4e86-9eda-d528ebc3961a', 'William', 'Thomas', 'd73d111e-7159-48e5-9247-e050db9e0437');
INSERT INTO school.students (student_id, first_name, last_name, group_id) VALUES ('86552fb2-9bde-4778-a965-d33b73e12c9c', 'Jessica', 'Baker', 'd73d111e-7159-48e5-9247-e050db9e0437');
INSERT INTO school.students (student_id, first_name, last_name, group_id) VALUES ('5ffb5015-2099-4708-b468-a78b4f4b1f2e', 'Oliver', 'Harris', '10562d54-0acc-4fbf-baba-98c0aa77a900');
INSERT INTO school.students (student_id, first_name, last_name, group_id) VALUES ('3eed5422-0ba2-4cae-805d-5b92d1d73e9e', 'Lily', 'Jackson', '10562d54-0acc-4fbf-baba-98c0aa77a900');
INSERT INTO school.students (student_id, first_name, last_name, group_id) VALUES ('7c87dc5c-bc7e-403b-8175-712ea3ab69f4', 'Emily', 'Anderson', '10562d54-0acc-4fbf-baba-98c0aa77a900');
INSERT INTO school.students (student_id, first_name, last_name, group_id) VALUES ('2941d117-8686-4749-b0e9-a5c6a06ff6c4', 'Isabella', 'Martin', '10562d54-0acc-4fbf-baba-98c0aa77a900');
INSERT INTO school.students (student_id, first_name, last_name, group_id) VALUES ('82f10c30-7eca-4f8d-9ce1-a16702c955f3', 'Jacob', 'White', '10562d54-0acc-4fbf-baba-98c0aa77a900');
INSERT INTO school.students (student_id, first_name, last_name, group_id) VALUES ('c27ac966-7701-49a4-8522-c93bc6b87ca8', 'Ava', 'Thompson', '10562d54-0acc-4fbf-baba-98c0aa77a900');
INSERT INTO school.students (student_id, first_name, last_name, group_id) VALUES ('15a4bc3f-fecc-4bb9-8041-c82ee7d05bc1', 'Mia', 'Thomas', '10562d54-0acc-4fbf-baba-98c0aa77a900');
INSERT INTO school.students (student_id, first_name, last_name, group_id) VALUES ('92419d59-2fe0-43d7-bc42-e7d4cd05c6d4', 'Sophie', 'Harris', '10562d54-0acc-4fbf-baba-98c0aa77a900');
INSERT INTO school.students (student_id, first_name, last_name, group_id) VALUES ('3a5b0605-b0b3-4dbc-822a-e9a4db4dd499', 'William', 'King', '10562d54-0acc-4fbf-baba-98c0aa77a900');
INSERT INTO school.students (student_id, first_name, last_name, group_id) VALUES ('9fbce8b2-dcac-492e-bda1-a5e8ce84ec7c', 'Emily', 'Wood', '10562d54-0acc-4fbf-baba-98c0aa77a900');
INSERT INTO school.students (student_id, first_name, last_name, group_id) VALUES ('55762c36-6503-45e2-9ba1-8d56edfe999d', 'Thomas', 'King', '10562d54-0acc-4fbf-baba-98c0aa77a900');
INSERT INTO school.students (student_id, first_name, last_name, group_id) VALUES ('c7baa66c-206e-408e-8a66-1f06fb369be9', 'Charlie', 'Harris', '10562d54-0acc-4fbf-baba-98c0aa77a900');
INSERT INTO school.students (student_id, first_name, last_name, group_id) VALUES ('2f8f4cd5-7716-4942-8228-bca9d0a20ac8', 'Amelia', 'Walker', '10562d54-0acc-4fbf-baba-98c0aa77a900');
INSERT INTO school.students (student_id, first_name, last_name, group_id) VALUES ('4221ff02-ae79-44d8-9186-a43c571357ab', 'William', 'Phillips', '10562d54-0acc-4fbf-baba-98c0aa77a900');
INSERT INTO school.students (student_id, first_name, last_name, group_id) VALUES ('61a5aa2a-00d4-4efb-b6ba-9f8aabf0a62d', 'Amelia', 'Thompson', '10562d54-0acc-4fbf-baba-98c0aa77a900');
INSERT INTO school.students (student_id, first_name, last_name, group_id) VALUES ('7206ea27-846c-44a4-92d3-c73e3d6ba118', 'Jack', 'Green', '10562d54-0acc-4fbf-baba-98c0aa77a900');
INSERT INTO school.students (student_id, first_name, last_name, group_id) VALUES ('06886260-6cd5-43a3-b04a-e9278c78e62f', 'Mia', 'Morgan', '10562d54-0acc-4fbf-baba-98c0aa77a900');
INSERT INTO school.students (student_id, first_name, last_name, group_id) VALUES ('8f473887-c926-4b29-85d4-b362f686d9d3', 'Lily', 'Jackson', '10562d54-0acc-4fbf-baba-98c0aa77a900');
INSERT INTO school.students (student_id, first_name, last_name, group_id) VALUES ('129917d4-6e81-4e7b-8bb5-92003a821a3c', 'Charlie', 'Cooper', '10562d54-0acc-4fbf-baba-98c0aa77a900');
INSERT INTO school.students (student_id, first_name, last_name, group_id) VALUES ('b198ef6a-23a9-4589-b159-f0e9e69c33c8', 'Isabella', 'Harris', '10562d54-0acc-4fbf-baba-98c0aa77a900');
INSERT INTO school.students (student_id, first_name, last_name, group_id) VALUES ('edd4cfbb-698c-437b-a00e-af4d04fbcc43', 'Mia', 'Cooper', '10562d54-0acc-4fbf-baba-98c0aa77a900');
INSERT INTO school.students (student_id, first_name, last_name, group_id) VALUES ('f8006704-f1ee-45dd-aa03-5a982fa3bf5e', 'Isabella', 'Harris', '10562d54-0acc-4fbf-baba-98c0aa77a900');
INSERT INTO school.students (student_id, first_name, last_name, group_id) VALUES ('41278e54-f4e2-4e46-ac14-3e700b1400eb', 'Lily', 'Green', '10562d54-0acc-4fbf-baba-98c0aa77a900');
INSERT INTO school.students (student_id, first_name, last_name, group_id) VALUES ('dad62cc1-f069-4166-9f1a-92b3b6bbbaed', 'Jack', 'Thompson', '10562d54-0acc-4fbf-baba-98c0aa77a900');
INSERT INTO school.students (student_id, first_name, last_name, group_id) VALUES ('4621575f-b3ca-4cec-9455-80817202f51e', 'Charlie', 'Thomas', '10562d54-0acc-4fbf-baba-98c0aa77a900');
INSERT INTO school.students (student_id, first_name, last_name, group_id) VALUES ('db9715e3-55f9-4cc2-92c1-6398a5dcddd0', 'Oliver', 'Wood', '10562d54-0acc-4fbf-baba-98c0aa77a900');
INSERT INTO school.students (student_id, first_name, last_name, group_id) VALUES ('8dec1996-4ebc-4703-b67e-10733babab84', 'Jack', 'Cooper', 'd5059fae-2c1b-46df-b773-41ef18b139be');
INSERT INTO school.students (student_id, first_name, last_name, group_id) VALUES ('4a994a65-60bd-4e11-bdb1-bdf048596dc2', 'Ruby', 'Baker', 'd5059fae-2c1b-46df-b773-41ef18b139be');
INSERT INTO school.students (student_id, first_name, last_name, group_id) VALUES ('36d61579-79cd-40cd-869a-30f0003b4764', 'Emily', 'Lewis', 'd5059fae-2c1b-46df-b773-41ef18b139be');
INSERT INTO school.students (student_id, first_name, last_name, group_id) VALUES ('ba577cd7-51ac-4d61-8b22-a4302a3c7ad6', 'George', 'Harris', 'd5059fae-2c1b-46df-b773-41ef18b139be');
INSERT INTO school.students (student_id, first_name, last_name, group_id) VALUES ('0dca2c0a-58fa-4800-96e6-b91ef9188979', 'Ruby', 'Walker', 'd5059fae-2c1b-46df-b773-41ef18b139be');
INSERT INTO school.students (student_id, first_name, last_name, group_id) VALUES ('a8fcc912-a83e-4e94-951f-2a1bb3d89c5c', 'Thomas', 'Edwards', 'd5059fae-2c1b-46df-b773-41ef18b139be');
INSERT INTO school.students (student_id, first_name, last_name, group_id) VALUES ('b074dd6f-5f06-4b30-a449-e4b48936b956', 'Ruby', 'Harris', 'd5059fae-2c1b-46df-b773-41ef18b139be');
INSERT INTO school.students (student_id, first_name, last_name, group_id) VALUES ('a0aad13a-2048-41af-a2b9-c363ea0ed570', 'Jacob', 'Cooper', 'd5059fae-2c1b-46df-b773-41ef18b139be');
INSERT INTO school.students (student_id, first_name, last_name, group_id) VALUES ('b0b85e84-84b4-48b1-b72a-9d1b6f231cef', 'George', 'Baker', 'd5059fae-2c1b-46df-b773-41ef18b139be');
INSERT INTO school.students (student_id, first_name, last_name, group_id) VALUES ('782c819c-4204-4e77-a014-dbefce126227', 'Oliver', 'Jackson', 'd5059fae-2c1b-46df-b773-41ef18b139be');
INSERT INTO school.students (student_id, first_name, last_name, group_id) VALUES ('4f9c5b5c-ac87-4838-a14b-97a448cdd1ed', 'Charlie', 'Scott', 'd5059fae-2c1b-46df-b773-41ef18b139be');
INSERT INTO school.students (student_id, first_name, last_name, group_id) VALUES ('fc51dbd8-6551-4791-9a49-84f89013199b', 'Amelia', 'Martin', 'd5059fae-2c1b-46df-b773-41ef18b139be');
INSERT INTO school.students (student_id, first_name, last_name, group_id) VALUES ('1adfa8e2-8f56-45a3-8ca2-a68777d76f1a', 'Jack', 'Thompson', 'd5059fae-2c1b-46df-b773-41ef18b139be');
INSERT INTO school.students (student_id, first_name, last_name, group_id) VALUES ('a50dca8e-6c86-4827-9abd-d6eacb836c1d', 'Emily', 'Scott', 'd5059fae-2c1b-46df-b773-41ef18b139be');
INSERT INTO school.students (student_id, first_name, last_name, group_id) VALUES ('b2d3b41f-390c-4873-8ab6-f7820c75fcf6', 'Emily', 'Morgan', '292f0fec-82a9-47ec-82d3-2fc0956b07dc');
INSERT INTO school.students (student_id, first_name, last_name, group_id) VALUES ('16e1617d-e888-4629-965a-feb1dbe92a29', 'Amelia', 'Cooper', '292f0fec-82a9-47ec-82d3-2fc0956b07dc');
INSERT INTO school.students (student_id, first_name, last_name, group_id) VALUES ('8ac099ef-eea6-43b9-84f9-ba27f63855c2', 'George', 'Turner', '292f0fec-82a9-47ec-82d3-2fc0956b07dc');
INSERT INTO school.students (student_id, first_name, last_name, group_id) VALUES ('2be9d487-a0b5-4d89-83f8-2be0ef8ec326', 'Jacob', 'Phillips', '292f0fec-82a9-47ec-82d3-2fc0956b07dc');
INSERT INTO school.students (student_id, first_name, last_name, group_id) VALUES ('f2dee2a3-af97-49be-8ef4-7f6b32d3cc01', 'Jacob', 'Green', '292f0fec-82a9-47ec-82d3-2fc0956b07dc');
INSERT INTO school.students (student_id, first_name, last_name, group_id) VALUES ('e1e2c12b-0841-42df-bc2a-10b11ba82ec8', 'Harry', 'Baker', '292f0fec-82a9-47ec-82d3-2fc0956b07dc');
INSERT INTO school.students (student_id, first_name, last_name, group_id) VALUES ('3fc5070d-9655-4bce-8c6e-4b73cb1a8987', 'Harry', 'White', '292f0fec-82a9-47ec-82d3-2fc0956b07dc');
INSERT INTO school.students (student_id, first_name, last_name, group_id) VALUES ('e961633c-1079-43b5-8e17-7547d62e0190', 'Jack', 'Thompson', '292f0fec-82a9-47ec-82d3-2fc0956b07dc');
INSERT INTO school.students (student_id, first_name, last_name, group_id) VALUES ('615b35f7-f420-445f-b704-886a8c169ae1', 'Ruby', 'Wood', '292f0fec-82a9-47ec-82d3-2fc0956b07dc');
INSERT INTO school.students (student_id, first_name, last_name, group_id) VALUES ('0771408c-c31f-469c-8d54-bbd18f8bec0a', 'Charlie', 'Anderson', '292f0fec-82a9-47ec-82d3-2fc0956b07dc');
INSERT INTO school.students (student_id, first_name, last_name, group_id) VALUES ('75c3686c-466d-4520-a0e1-a1c991b12065', 'George', 'Thompson', '292f0fec-82a9-47ec-82d3-2fc0956b07dc');
INSERT INTO school.students (student_id, first_name, last_name, group_id) VALUES ('c1a80036-1bf6-4e57-9dd7-c5de3463be21', 'Isabella', 'Baker', '292f0fec-82a9-47ec-82d3-2fc0956b07dc');
INSERT INTO school.students (student_id, first_name, last_name, group_id) VALUES ('6866c96f-39ca-4bf3-a55d-2b51230a68d4', 'Lily', 'King', '292f0fec-82a9-47ec-82d3-2fc0956b07dc');
INSERT INTO school.students (student_id, first_name, last_name, group_id) VALUES ('071488cc-792f-4bdf-ad38-5cdd29e99bbb', 'Lily', 'Turner', '292f0fec-82a9-47ec-82d3-2fc0956b07dc');
INSERT INTO school.students (student_id, first_name, last_name, group_id) VALUES ('cb3e3454-a240-4e6b-86ab-61d9db6b88fd', 'Ruby', 'Thompson', '292f0fec-82a9-47ec-82d3-2fc0956b07dc');
INSERT INTO school.students (student_id, first_name, last_name, group_id) VALUES ('6fab0093-3162-4515-b817-5eeff65afb27', 'Jessica', 'Lewis', '292f0fec-82a9-47ec-82d3-2fc0956b07dc');
INSERT INTO school.students (student_id, first_name, last_name, group_id) VALUES ('86e06fdb-e671-41b7-ae40-34df88a498f5', 'Emily', 'Wood', '292f0fec-82a9-47ec-82d3-2fc0956b07dc');
INSERT INTO school.students (student_id, first_name, last_name, group_id) VALUES ('c6ef742a-0636-4879-83af-3dc93d4bf54c', 'Lily', 'Anderson', '292f0fec-82a9-47ec-82d3-2fc0956b07dc');
INSERT INTO school.students (student_id, first_name, last_name, group_id) VALUES ('7be565c4-cc16-4338-b1b7-cfd062207574', 'Ava', 'Anderson', '292f0fec-82a9-47ec-82d3-2fc0956b07dc');
INSERT INTO school.students (student_id, first_name, last_name, group_id) VALUES ('75ee4727-5c54-4b84-8f6a-3ea036154cd0', 'Emily', 'Edwards', '292f0fec-82a9-47ec-82d3-2fc0956b07dc');
INSERT INTO school.students (student_id, first_name, last_name, group_id) VALUES ('13dc5580-4150-4e08-8bb3-81d5b9847f16', 'Oscar', 'Martin', '292f0fec-82a9-47ec-82d3-2fc0956b07dc');
INSERT INTO school.students (student_id, first_name, last_name, group_id) VALUES ('38d6546d-5686-4391-b551-0f9b982052c7', 'Emily', 'Thompson', '292f0fec-82a9-47ec-82d3-2fc0956b07dc');
INSERT INTO school.students (student_id, first_name, last_name, group_id) VALUES ('ac536cd2-fc22-4d8a-918d-299f4298dd43', 'James', 'Edwards', '292f0fec-82a9-47ec-82d3-2fc0956b07dc');
INSERT INTO school.students (student_id, first_name, last_name, group_id) VALUES ('5bb53492-bfa3-4560-ac85-d9ea89d92e4d', 'George', 'Walker', '292f0fec-82a9-47ec-82d3-2fc0956b07dc');
INSERT INTO school.students (student_id, first_name, last_name, group_id) VALUES ('74bbc084-60b0-4b41-967b-52ebc724f3db', 'William', 'Morgan', '292f0fec-82a9-47ec-82d3-2fc0956b07dc');
INSERT INTO school.students (student_id, first_name, last_name, group_id) VALUES ('f1b5b468-f4c9-4fd1-8f07-9fb31c67d34f', 'Amelia', 'Anderson', '292f0fec-82a9-47ec-82d3-2fc0956b07dc');
INSERT INTO school.students (student_id, first_name, last_name, group_id) VALUES ('50704d7f-44a3-4474-92b9-cc5f25392763', 'Jessica', 'Morgan', '292f0fec-82a9-47ec-82d3-2fc0956b07dc');
INSERT INTO school.students (student_id, first_name, last_name, group_id) VALUES ('c5efeee2-9ff0-40e1-914b-e7d69b3e6652', 'Lily', 'King', '292f0fec-82a9-47ec-82d3-2fc0956b07dc');
INSERT INTO school.students (student_id, first_name, last_name, group_id) VALUES ('0d07dcee-0280-4ece-9520-82dcb7f064c4', 'Sophie', 'Walker', '292f0fec-82a9-47ec-82d3-2fc0956b07dc');
INSERT INTO school.students (student_id, first_name, last_name, group_id) VALUES ('c80c10df-3b49-479e-8148-6db9c260012a', 'Ruby', 'Harris', '292f0fec-82a9-47ec-82d3-2fc0956b07dc');
INSERT INTO school.students (student_id, first_name, last_name, group_id) VALUES ('63e116a1-3c8a-49dc-89dd-1c14739aaee2', 'Ruby', 'Scott', '6fa657c1-e8e6-405c-94d5-7314ad758039');
INSERT INTO school.students (student_id, first_name, last_name, group_id) VALUES ('14b92529-fea8-46d5-b1cc-0f185c51d473', 'Amelia', 'Harris', '6fa657c1-e8e6-405c-94d5-7314ad758039');
INSERT INTO school.students (student_id, first_name, last_name, group_id) VALUES ('2944322b-6ebf-4646-b19b-949523b10b13', 'Jacob', 'Morgan', '6fa657c1-e8e6-405c-94d5-7314ad758039');
INSERT INTO school.students (student_id, first_name, last_name, group_id) VALUES ('0f6f4e47-cc42-426f-8844-4e75ed53960b', 'Isabella', 'Scott', '6fa657c1-e8e6-405c-94d5-7314ad758039');
INSERT INTO school.students (student_id, first_name, last_name, group_id) VALUES ('fd80cfbb-ad6e-41c4-a932-909a2a83e9bc', 'Mia', 'Baker', '6fa657c1-e8e6-405c-94d5-7314ad758039');
INSERT INTO school.students (student_id, first_name, last_name, group_id) VALUES ('18b84fc8-0b5c-43d3-b15e-bf1df6b1840d', 'Sophie', 'Green', '6fa657c1-e8e6-405c-94d5-7314ad758039');
INSERT INTO school.students (student_id, first_name, last_name, group_id) VALUES ('8907095c-e9f9-4ba8-b5a0-6237f19b8af7', 'Ava', 'Martin', '6fa657c1-e8e6-405c-94d5-7314ad758039');
INSERT INTO school.students (student_id, first_name, last_name, group_id) VALUES ('1022ab3f-d51d-40a4-b5c1-ee39c940484c', 'Mia', 'Turner', '6fa657c1-e8e6-405c-94d5-7314ad758039');
INSERT INTO school.students (student_id, first_name, last_name, group_id) VALUES ('7ef6f2e9-6744-4711-b072-bd7a14685e27', 'Lily', 'Hill', '6fa657c1-e8e6-405c-94d5-7314ad758039');
INSERT INTO school.students (student_id, first_name, last_name, group_id) VALUES ('c741c0b8-17b8-4195-8f7e-1bcaaeb577cd', 'George', 'Turner', '6fa657c1-e8e6-405c-94d5-7314ad758039');
INSERT INTO school.students (student_id, first_name, last_name, group_id) VALUES ('13abdddc-4e08-4e2e-afe5-6da4c9602be5', 'George', 'Scott', '6fa657c1-e8e6-405c-94d5-7314ad758039');
INSERT INTO school.students (student_id, first_name, last_name, group_id) VALUES ('28b63f29-a249-4c05-934e-d018bee88ffd', 'Mia', 'Lewis', '6fa657c1-e8e6-405c-94d5-7314ad758039');
INSERT INTO school.students (student_id, first_name, last_name, group_id) VALUES ('031a8103-f3be-4f90-bad0-049b16e2ad0b', 'Harry', 'Green', 'e55a0b30-cb32-4b4e-87a3-51163b920a19');
INSERT INTO school.students (student_id, first_name, last_name, group_id) VALUES ('801e0558-90c0-4e32-ba92-0f812c0bc68b', 'Sophie', 'Harris', 'e55a0b30-cb32-4b4e-87a3-51163b920a19');
INSERT INTO school.students (student_id, first_name, last_name, group_id) VALUES ('a7e0ca03-95a4-458e-b71c-9ce51ca3b8fd', 'William', 'Morgan', 'e55a0b30-cb32-4b4e-87a3-51163b920a19');
INSERT INTO school.students (student_id, first_name, last_name, group_id) VALUES ('c9316d6a-2781-4566-b227-e6966857bb4f', 'Harry', 'Thompson', 'e55a0b30-cb32-4b4e-87a3-51163b920a19');
INSERT INTO school.students (student_id, first_name, last_name, group_id) VALUES ('8923e0ef-9afd-48a1-a1c0-aeaf407ac5bc', 'Ava', 'Thompson', 'e55a0b30-cb32-4b4e-87a3-51163b920a19');
INSERT INTO school.students (student_id, first_name, last_name, group_id) VALUES ('a28aa373-b4d2-42e0-9f59-0f2581cf7ff7', 'Emily', 'Walker', 'e55a0b30-cb32-4b4e-87a3-51163b920a19');
INSERT INTO school.students (student_id, first_name, last_name, group_id) VALUES ('7f01d300-6b7b-421b-a891-50be4cfaea5b', 'Harry', 'Scott', 'e55a0b30-cb32-4b4e-87a3-51163b920a19');
INSERT INTO school.students (student_id, first_name, last_name, group_id) VALUES ('10f81f2d-9db8-4b4c-bc45-b34466729306', 'George', 'Edwards', 'e55a0b30-cb32-4b4e-87a3-51163b920a19');
INSERT INTO school.students (student_id, first_name, last_name, group_id) VALUES ('ec5b7a5a-e930-41c1-89ae-50864b3acc62', 'Oscar', 'Martin', 'e55a0b30-cb32-4b4e-87a3-51163b920a19');
INSERT INTO school.students (student_id, first_name, last_name, group_id) VALUES ('bcadb578-eb72-46a0-a29a-343760b3db89', 'Jacob', 'Wood', 'e55a0b30-cb32-4b4e-87a3-51163b920a19');
INSERT INTO school.students (student_id, first_name, last_name, group_id) VALUES ('712c9b67-a0b3-4d48-8ec2-2df0acff970e', 'Jessica', 'King', 'e55a0b30-cb32-4b4e-87a3-51163b920a19');
INSERT INTO school.students (student_id, first_name, last_name, group_id) VALUES ('b3b836cb-97b7-4bdf-8c48-643d664547db', 'Oscar', 'Lewis', 'e55a0b30-cb32-4b4e-87a3-51163b920a19');
INSERT INTO school.students (student_id, first_name, last_name, group_id) VALUES ('0ebb3999-ae25-44ed-a551-e7ccc1e2013c', 'Isabella', 'Cooper', 'e55a0b30-cb32-4b4e-87a3-51163b920a19');
INSERT INTO school.students (student_id, first_name, last_name, group_id) VALUES ('ea0383d8-00a9-4f87-a903-5910c4fe2108', 'Jessica', 'Anderson', 'e55a0b30-cb32-4b4e-87a3-51163b920a19');
INSERT INTO school.students (student_id, first_name, last_name, group_id) VALUES ('1467f6ff-0e15-4895-a242-5ba5756a0f91', 'Mia', 'Green', 'e55a0b30-cb32-4b4e-87a3-51163b920a19');
INSERT INTO school.students (student_id, first_name, last_name, group_id) VALUES ('61fb7404-cc95-41d7-86a5-c15760911561', 'Oliver', 'Thomas', 'e55a0b30-cb32-4b4e-87a3-51163b920a19');
INSERT INTO school.students (student_id, first_name, last_name, group_id) VALUES ('f5667e35-2e2c-4d2a-9f98-2b4ca79193ea', 'Sophie', 'Walker', 'e55a0b30-cb32-4b4e-87a3-51163b920a19');
INSERT INTO school.students (student_id, first_name, last_name, group_id) VALUES ('06d8dee7-ae7b-4f75-ac07-0d9dbd42e316', 'Amelia', 'Scott', 'e55a0b30-cb32-4b4e-87a3-51163b920a19');
INSERT INTO school.students (student_id, first_name, last_name, group_id) VALUES ('d1c0894b-0433-4668-a53b-fe5eb0ab8664', 'Jack', 'Thompson', 'e55a0b30-cb32-4b4e-87a3-51163b920a19');
INSERT INTO school.students (student_id, first_name, last_name, group_id) VALUES ('6e80ba45-a431-45b2-a6dd-9ca665c88685', 'Emily', 'King', 'e55a0b30-cb32-4b4e-87a3-51163b920a19');
INSERT INTO school.students (student_id, first_name, last_name, group_id) VALUES ('37fb3c18-207a-4a50-87ae-c2af7640a3ca', 'Ruby', 'Edwards', 'e55a0b30-cb32-4b4e-87a3-51163b920a19');
INSERT INTO school.students (student_id, first_name, last_name, group_id) VALUES ('8b7de6f6-67ca-4593-ad2a-d970fe852b27', 'James', 'Cooper', '8e2e1511-8105-441f-97e8-5bce88c0267a');
INSERT INTO school.students (student_id, first_name, last_name, group_id) VALUES ('218575f3-8a9e-4207-8aa6-2f29a2784ed8', 'Oliver', 'Green', '8e2e1511-8105-441f-97e8-5bce88c0267a');
INSERT INTO school.students (student_id, first_name, last_name, group_id) VALUES ('ad3d1ca1-de17-4329-9fca-3002ea8f68cf', 'Isabella', 'Baker', '8e2e1511-8105-441f-97e8-5bce88c0267a');
INSERT INTO school.students (student_id, first_name, last_name, group_id) VALUES ('0e854b11-5f02-4750-8dc3-b5b3194eb400', 'Amelia', 'Lewis', '8e2e1511-8105-441f-97e8-5bce88c0267a');
INSERT INTO school.students (student_id, first_name, last_name, group_id) VALUES ('d630ebb9-9411-4589-a568-6d08ecf82ad7', 'Thomas', 'Wood', '8e2e1511-8105-441f-97e8-5bce88c0267a');
INSERT INTO school.students (student_id, first_name, last_name, group_id) VALUES ('7a3b0f26-4561-4e1f-b360-e32ea4f876f1', 'Jacob', 'Wood', '8e2e1511-8105-441f-97e8-5bce88c0267a');
INSERT INTO school.students (student_id, first_name, last_name, group_id) VALUES ('45cf43d3-1b15-4eec-9c4a-4a7194a23c79', 'Harry', 'Thompson', '8e2e1511-8105-441f-97e8-5bce88c0267a');
INSERT INTO school.students (student_id, first_name, last_name, group_id) VALUES ('67da7be2-37ee-4210-833e-0580f78638cf', 'Emily', 'Cooper', '8e2e1511-8105-441f-97e8-5bce88c0267a');
INSERT INTO school.students (student_id, first_name, last_name, group_id) VALUES ('70f921a2-0466-4bdf-93e7-503aefa121e6', 'Jacob', 'Wood', '8e2e1511-8105-441f-97e8-5bce88c0267a');
INSERT INTO school.students (student_id, first_name, last_name, group_id) VALUES ('381c55da-b513-4987-b9c7-afcb49b1b1b6', 'Jacob', 'Edwards', '8e2e1511-8105-441f-97e8-5bce88c0267a');
INSERT INTO school.students (student_id, first_name, last_name, group_id) VALUES ('f4c4194d-5cea-452a-b39f-af0c84c1574b', 'Ava', 'Harris', '8e2e1511-8105-441f-97e8-5bce88c0267a');
INSERT INTO school.students (student_id, first_name, last_name, group_id) VALUES ('bfe1878a-cfc9-4324-95b4-a5a3c5232220', 'Charlie', 'Lewis', '8e2e1511-8105-441f-97e8-5bce88c0267a');
INSERT INTO school.students (student_id, first_name, last_name, group_id) VALUES ('9cf47682-0833-4af8-830d-1c4417dd6f4c', 'Amelia', 'Thompson', null);
INSERT INTO school.students (student_id, first_name, last_name, group_id) VALUES ('fda95366-c072-40c0-b49c-65073f300bd7', 'Harry', 'Anderson', null);
INSERT INTO school.students (student_id, first_name, last_name, group_id) VALUES ('165560c1-abe3-4cd5-9536-c1747db6c5c6', 'Emily', 'Cooper', null);
INSERT INTO school.students (student_id, first_name, last_name, group_id) VALUES ('228e8d58-11e1-4f0f-86f2-7b11522e9823', 'Lily', 'Harris', null);
INSERT INTO school.students (student_id, first_name, last_name, group_id) VALUES ('a0db67f8-ce9d-4f4d-94b1-0357af84ca5b', 'Isabella', 'Morgan', null);
INSERT INTO school.students (student_id, first_name, last_name, group_id) VALUES ('a450569d-b5e7-48c9-9f81-9ce7d073faa9', 'Jessica', 'Wood', null);
INSERT INTO school.students (student_id, first_name, last_name, group_id) VALUES ('8fb81b11-e7e5-4e43-aa19-84d7e61eb335', 'Jacob', 'Lewis', null);
INSERT INTO school.students (student_id, first_name, last_name, group_id) VALUES ('46644008-9fb9-46cf-9865-1ddef6c72f03', 'Harry', 'Turner', null);
INSERT INTO school.students (student_id, first_name, last_name, group_id) VALUES ('8d484aa1-b8ed-495f-ac64-49a34287d1d8', 'Jacob', 'Baker', null);
INSERT INTO school.students (student_id, first_name, last_name, group_id) VALUES ('28bd5a3f-66c9-484b-a400-157e665d492b', 'Oliver', 'Green', null);
INSERT INTO school.students (student_id, first_name, last_name, group_id) VALUES ('46702db5-622d-44d7-a109-d4e8be356079', 'Lily', 'Phillips', null);

-- [ STUDENTS  <- TO ->  COURSES ]
INSERT INTO school.students_courses (student_id, course_id) VALUES ('a46e9a8e-f535-4437-8bbf-c3a7216e74e5', 'd6d50d2f-d3e7-4b74-aff6-4429fcdb51f5');
INSERT INTO school.students_courses (student_id, course_id) VALUES ('a46e9a8e-f535-4437-8bbf-c3a7216e74e5', 'cea9af46-4727-4822-8f06-807efe886f42');
INSERT INTO school.students_courses (student_id, course_id) VALUES ('a46e9a8e-f535-4437-8bbf-c3a7216e74e5', '1a94740f-cab8-4522-91fa-ad996c72b92d');
INSERT INTO school.students_courses (student_id, course_id) VALUES ('821a15ed-2e3c-4f32-a0b7-4e52d81b550f', 'c4b891c8-d3bb-4ac2-8a9b-aa4644230160');
INSERT INTO school.students_courses (student_id, course_id) VALUES ('821a15ed-2e3c-4f32-a0b7-4e52d81b550f', 'cea9af46-4727-4822-8f06-807efe886f42');
INSERT INTO school.students_courses (student_id, course_id) VALUES ('821a15ed-2e3c-4f32-a0b7-4e52d81b550f', '1565f8d4-35bb-4c48-9045-c91acdb753ec');
INSERT INTO school.students_courses (student_id, course_id) VALUES ('b0d48471-179e-4ac8-b0f2-741e3eededbd', '51d5f402-7150-4bab-af7c-816bdba735f5');
INSERT INTO school.students_courses (student_id, course_id) VALUES ('b0d48471-179e-4ac8-b0f2-741e3eededbd', 'acffffde-c76d-4618-9a32-2e79d5cd087e');
INSERT INTO school.students_courses (student_id, course_id) VALUES ('b0d48471-179e-4ac8-b0f2-741e3eededbd', '99c44d20-1056-49a7-a3a4-2e86cf4e0688');
INSERT INTO school.students_courses (student_id, course_id) VALUES ('a242b083-8b95-4d37-a932-5badc4a7053b', '51d5f402-7150-4bab-af7c-816bdba735f5');
INSERT INTO school.students_courses (student_id, course_id) VALUES ('a242b083-8b95-4d37-a932-5badc4a7053b', '1565f8d4-35bb-4c48-9045-c91acdb753ec');
INSERT INTO school.students_courses (student_id, course_id) VALUES ('a242b083-8b95-4d37-a932-5badc4a7053b', '1a94740f-cab8-4522-91fa-ad996c72b92d');
INSERT INTO school.students_courses (student_id, course_id) VALUES ('67828efa-10f2-4d89-8dc3-29a7650d5312', 'd6d50d2f-d3e7-4b74-aff6-4429fcdb51f5');
INSERT INTO school.students_courses (student_id, course_id) VALUES ('67828efa-10f2-4d89-8dc3-29a7650d5312', '9edbc2f6-15a6-4529-a298-379ea64fef12');
INSERT INTO school.students_courses (student_id, course_id) VALUES ('67828efa-10f2-4d89-8dc3-29a7650d5312', '1a94740f-cab8-4522-91fa-ad996c72b92d');
INSERT INTO school.students_courses (student_id, course_id) VALUES ('a891fb50-6e82-433e-b090-311c0bfd5cdb', 'd6d50d2f-d3e7-4b74-aff6-4429fcdb51f5');
INSERT INTO school.students_courses (student_id, course_id) VALUES ('a891fb50-6e82-433e-b090-311c0bfd5cdb', '1a94740f-cab8-4522-91fa-ad996c72b92d');
INSERT INTO school.students_courses (student_id, course_id) VALUES ('a891fb50-6e82-433e-b090-311c0bfd5cdb', '99c44d20-1056-49a7-a3a4-2e86cf4e0688');
INSERT INTO school.students_courses (student_id, course_id) VALUES ('5fee815f-d0d0-4c57-a5a9-641b89693a2e', '51d5f402-7150-4bab-af7c-816bdba735f5');
INSERT INTO school.students_courses (student_id, course_id) VALUES ('5fee815f-d0d0-4c57-a5a9-641b89693a2e', 'd6d50d2f-d3e7-4b74-aff6-4429fcdb51f5');
INSERT INTO school.students_courses (student_id, course_id) VALUES ('fe7b7c20-1786-4781-b12f-c3cd56dc5662', 'c4b891c8-d3bb-4ac2-8a9b-aa4644230160');
INSERT INTO school.students_courses (student_id, course_id) VALUES ('fe7b7c20-1786-4781-b12f-c3cd56dc5662', 'df5b330d-5f6a-4223-8d0b-b71f45636b9f');
INSERT INTO school.students_courses (student_id, course_id) VALUES ('425e9df1-638d-4d40-9fea-0560b53514c6', '51d5f402-7150-4bab-af7c-816bdba735f5');
INSERT INTO school.students_courses (student_id, course_id) VALUES ('425e9df1-638d-4d40-9fea-0560b53514c6', 'd6d50d2f-d3e7-4b74-aff6-4429fcdb51f5');
INSERT INTO school.students_courses (student_id, course_id) VALUES ('425e9df1-638d-4d40-9fea-0560b53514c6', 'acffffde-c76d-4618-9a32-2e79d5cd087e');
INSERT INTO school.students_courses (student_id, course_id) VALUES ('2aea5a3b-60d5-4ccd-bf53-ab4cbf93e7a8', 'd6d50d2f-d3e7-4b74-aff6-4429fcdb51f5');
INSERT INTO school.students_courses (student_id, course_id) VALUES ('1a6984f9-fb56-414b-bb38-7f06665c1ff1', 'c4b891c8-d3bb-4ac2-8a9b-aa4644230160');
INSERT INTO school.students_courses (student_id, course_id) VALUES ('b2bc2a93-d401-4722-88fe-4f468a494aa3', '51d5f402-7150-4bab-af7c-816bdba735f5');
INSERT INTO school.students_courses (student_id, course_id) VALUES ('b2bc2a93-d401-4722-88fe-4f468a494aa3', '9edbc2f6-15a6-4529-a298-379ea64fef12');
INSERT INTO school.students_courses (student_id, course_id) VALUES ('b2bc2a93-d401-4722-88fe-4f468a494aa3', '1565f8d4-35bb-4c48-9045-c91acdb753ec');
INSERT INTO school.students_courses (student_id, course_id) VALUES ('49d64507-ae8c-424c-9ab4-2ca049012b1b', 'c4b891c8-d3bb-4ac2-8a9b-aa4644230160');
INSERT INTO school.students_courses (student_id, course_id) VALUES ('61d46d88-5a58-4de2-bbeb-7b596cfbf6f0', '99c44d20-1056-49a7-a3a4-2e86cf4e0688');
INSERT INTO school.students_courses (student_id, course_id) VALUES ('0821da57-cedc-47ff-ba42-849e414a1d86', '9edbc2f6-15a6-4529-a298-379ea64fef12');
INSERT INTO school.students_courses (student_id, course_id) VALUES ('0821da57-cedc-47ff-ba42-849e414a1d86', '1565f8d4-35bb-4c48-9045-c91acdb753ec');
INSERT INTO school.students_courses (student_id, course_id) VALUES ('0821da57-cedc-47ff-ba42-849e414a1d86', 'acffffde-c76d-4618-9a32-2e79d5cd087e');
INSERT INTO school.students_courses (student_id, course_id) VALUES ('3a7bbc81-c662-4f8c-92ff-102d79408244', '51d5f402-7150-4bab-af7c-816bdba735f5');
INSERT INTO school.students_courses (student_id, course_id) VALUES ('3a7bbc81-c662-4f8c-92ff-102d79408244', 'cea9af46-4727-4822-8f06-807efe886f42');
INSERT INTO school.students_courses (student_id, course_id) VALUES ('0f791f61-c144-4c6c-87fd-d5fdd1c3363e', 'cea9af46-4727-4822-8f06-807efe886f42');
INSERT INTO school.students_courses (student_id, course_id) VALUES ('0f791f61-c144-4c6c-87fd-d5fdd1c3363e', '1a94740f-cab8-4522-91fa-ad996c72b92d');
INSERT INTO school.students_courses (student_id, course_id) VALUES ('f333125f-de36-4cb3-909b-e01b3c065e9b', 'c4b891c8-d3bb-4ac2-8a9b-aa4644230160');
INSERT INTO school.students_courses (student_id, course_id) VALUES ('b8be867c-67cc-44ef-9450-6565469a505f', '51d5f402-7150-4bab-af7c-816bdba735f5');
INSERT INTO school.students_courses (student_id, course_id) VALUES ('b8be867c-67cc-44ef-9450-6565469a505f', 'acffffde-c76d-4618-9a32-2e79d5cd087e');
INSERT INTO school.students_courses (student_id, course_id) VALUES ('c04457d2-8492-449a-9a88-c4d7e9484b02', '99c44d20-1056-49a7-a3a4-2e86cf4e0688');
INSERT INTO school.students_courses (student_id, course_id) VALUES ('a6efce90-76cb-4dbc-a347-71f38720434c', 'cea9af46-4727-4822-8f06-807efe886f42');
INSERT INTO school.students_courses (student_id, course_id) VALUES ('a6efce90-76cb-4dbc-a347-71f38720434c', '1565f8d4-35bb-4c48-9045-c91acdb753ec');
INSERT INTO school.students_courses (student_id, course_id) VALUES ('bd9367ce-b19a-4c7d-aa61-90d592aa7898', '51d5f402-7150-4bab-af7c-816bdba735f5');
INSERT INTO school.students_courses (student_id, course_id) VALUES ('bd9367ce-b19a-4c7d-aa61-90d592aa7898', '1565f8d4-35bb-4c48-9045-c91acdb753ec');
INSERT INTO school.students_courses (student_id, course_id) VALUES ('bd9367ce-b19a-4c7d-aa61-90d592aa7898', '1a94740f-cab8-4522-91fa-ad996c72b92d');
INSERT INTO school.students_courses (student_id, course_id) VALUES ('f9d47eed-fb4c-4bca-8288-502be7d7249d', '1a94740f-cab8-4522-91fa-ad996c72b92d');
INSERT INTO school.students_courses (student_id, course_id) VALUES ('090d89ff-3c4c-4985-b966-e2aa509a80ee', '51d5f402-7150-4bab-af7c-816bdba735f5');
INSERT INTO school.students_courses (student_id, course_id) VALUES ('090d89ff-3c4c-4985-b966-e2aa509a80ee', '1565f8d4-35bb-4c48-9045-c91acdb753ec');
INSERT INTO school.students_courses (student_id, course_id) VALUES ('804f76a8-df6e-486b-9f45-1a639aa7114f', 'cea9af46-4727-4822-8f06-807efe886f42');
INSERT INTO school.students_courses (student_id, course_id) VALUES ('804f76a8-df6e-486b-9f45-1a639aa7114f', 'df5b330d-5f6a-4223-8d0b-b71f45636b9f');
INSERT INTO school.students_courses (student_id, course_id) VALUES ('fd069ed5-53e4-44a2-8244-f81b3bb3d22e', '9edbc2f6-15a6-4529-a298-379ea64fef12');
INSERT INTO school.students_courses (student_id, course_id) VALUES ('fd069ed5-53e4-44a2-8244-f81b3bb3d22e', '1a94740f-cab8-4522-91fa-ad996c72b92d');
INSERT INTO school.students_courses (student_id, course_id) VALUES ('fd069ed5-53e4-44a2-8244-f81b3bb3d22e', '99c44d20-1056-49a7-a3a4-2e86cf4e0688');
INSERT INTO school.students_courses (student_id, course_id) VALUES ('e2c60a5a-8b99-4fc9-b275-1cae822d4986', '51d5f402-7150-4bab-af7c-816bdba735f5');
INSERT INTO school.students_courses (student_id, course_id) VALUES ('e2c60a5a-8b99-4fc9-b275-1cae822d4986', '9edbc2f6-15a6-4529-a298-379ea64fef12');
INSERT INTO school.students_courses (student_id, course_id) VALUES ('742c21dd-128e-46ef-bd26-470e6be0fa8d', '99c44d20-1056-49a7-a3a4-2e86cf4e0688');
INSERT INTO school.students_courses (student_id, course_id) VALUES ('789e9c08-70e3-4e6b-b205-98f22f2ff633', '9edbc2f6-15a6-4529-a298-379ea64fef12');
INSERT INTO school.students_courses (student_id, course_id) VALUES ('e51c6954-572e-4a24-9b78-88099f8c5149', 'cea9af46-4727-4822-8f06-807efe886f42');
INSERT INTO school.students_courses (student_id, course_id) VALUES ('e51c6954-572e-4a24-9b78-88099f8c5149', 'acffffde-c76d-4618-9a32-2e79d5cd087e');
INSERT INTO school.students_courses (student_id, course_id) VALUES ('5033d3e5-9df8-4513-a621-c6dfdebda6cc', '51d5f402-7150-4bab-af7c-816bdba735f5');
INSERT INTO school.students_courses (student_id, course_id) VALUES ('5033d3e5-9df8-4513-a621-c6dfdebda6cc', 'c4b891c8-d3bb-4ac2-8a9b-aa4644230160');
INSERT INTO school.students_courses (student_id, course_id) VALUES ('5033d3e5-9df8-4513-a621-c6dfdebda6cc', 'acffffde-c76d-4618-9a32-2e79d5cd087e');
INSERT INTO school.students_courses (student_id, course_id) VALUES ('ff902a2c-7135-4faf-abfa-e47144241bfc', '1565f8d4-35bb-4c48-9045-c91acdb753ec');
INSERT INTO school.students_courses (student_id, course_id) VALUES ('ff902a2c-7135-4faf-abfa-e47144241bfc', 'acffffde-c76d-4618-9a32-2e79d5cd087e');
INSERT INTO school.students_courses (student_id, course_id) VALUES ('1410b764-d321-4ec3-a432-d7adca1fa764', '99c44d20-1056-49a7-a3a4-2e86cf4e0688');
INSERT INTO school.students_courses (student_id, course_id) VALUES ('b1883ffd-81f2-4f91-a283-c39f66611b44', 'cea9af46-4727-4822-8f06-807efe886f42');
INSERT INTO school.students_courses (student_id, course_id) VALUES ('b1883ffd-81f2-4f91-a283-c39f66611b44', '9edbc2f6-15a6-4529-a298-379ea64fef12');
INSERT INTO school.students_courses (student_id, course_id) VALUES ('b1883ffd-81f2-4f91-a283-c39f66611b44', 'acffffde-c76d-4618-9a32-2e79d5cd087e');
INSERT INTO school.students_courses (student_id, course_id) VALUES ('d8ac6bb8-b651-4387-a638-9ef53cdd66c9', 'd6d50d2f-d3e7-4b74-aff6-4429fcdb51f5');
INSERT INTO school.students_courses (student_id, course_id) VALUES ('d8ac6bb8-b651-4387-a638-9ef53cdd66c9', 'c4b891c8-d3bb-4ac2-8a9b-aa4644230160');
INSERT INTO school.students_courses (student_id, course_id) VALUES ('83201519-03aa-4845-a7f3-b4a6884edbb4', '1a94740f-cab8-4522-91fa-ad996c72b92d');
INSERT INTO school.students_courses (student_id, course_id) VALUES ('83201519-03aa-4845-a7f3-b4a6884edbb4', 'acffffde-c76d-4618-9a32-2e79d5cd087e');
INSERT INTO school.students_courses (student_id, course_id) VALUES ('8302643a-f406-45d4-867a-ef947e8379da', 'c4b891c8-d3bb-4ac2-8a9b-aa4644230160');
INSERT INTO school.students_courses (student_id, course_id) VALUES ('8302643a-f406-45d4-867a-ef947e8379da', '1565f8d4-35bb-4c48-9045-c91acdb753ec');
INSERT INTO school.students_courses (student_id, course_id) VALUES ('8302643a-f406-45d4-867a-ef947e8379da', '1a94740f-cab8-4522-91fa-ad996c72b92d');
INSERT INTO school.students_courses (student_id, course_id) VALUES ('89518ac0-9fb3-43e0-9540-9c20f536000c', 'cea9af46-4727-4822-8f06-807efe886f42');
INSERT INTO school.students_courses (student_id, course_id) VALUES ('89518ac0-9fb3-43e0-9540-9c20f536000c', '9edbc2f6-15a6-4529-a298-379ea64fef12');
INSERT INTO school.students_courses (student_id, course_id) VALUES ('3837db08-2438-4d55-aa17-ea775bbe5d3e', 'c4b891c8-d3bb-4ac2-8a9b-aa4644230160');
INSERT INTO school.students_courses (student_id, course_id) VALUES ('3837db08-2438-4d55-aa17-ea775bbe5d3e', '1565f8d4-35bb-4c48-9045-c91acdb753ec');
INSERT INTO school.students_courses (student_id, course_id) VALUES ('3837db08-2438-4d55-aa17-ea775bbe5d3e', '99c44d20-1056-49a7-a3a4-2e86cf4e0688');
INSERT INTO school.students_courses (student_id, course_id) VALUES ('f56dafcb-cfe4-42ea-9b0b-be812bc3bd2c', 'c4b891c8-d3bb-4ac2-8a9b-aa4644230160');
INSERT INTO school.students_courses (student_id, course_id) VALUES ('f56dafcb-cfe4-42ea-9b0b-be812bc3bd2c', '99c44d20-1056-49a7-a3a4-2e86cf4e0688');
INSERT INTO school.students_courses (student_id, course_id) VALUES ('f56dafcb-cfe4-42ea-9b0b-be812bc3bd2c', 'df5b330d-5f6a-4223-8d0b-b71f45636b9f');
INSERT INTO school.students_courses (student_id, course_id) VALUES ('6ef9305f-673c-4104-bae4-6fd94e89409b', '51d5f402-7150-4bab-af7c-816bdba735f5');
INSERT INTO school.students_courses (student_id, course_id) VALUES ('029a5659-7c2a-4bf0-94b1-ea67d51fad74', 'df5b330d-5f6a-4223-8d0b-b71f45636b9f');
INSERT INTO school.students_courses (student_id, course_id) VALUES ('1ef7e595-3231-49dc-bf6d-722b5939ac9a', 'cea9af46-4727-4822-8f06-807efe886f42');
INSERT INTO school.students_courses (student_id, course_id) VALUES ('01187f4a-f35b-4e6b-96ad-6f336ff2d76a', 'd6d50d2f-d3e7-4b74-aff6-4429fcdb51f5');
INSERT INTO school.students_courses (student_id, course_id) VALUES ('43f20afa-1271-4e24-aa7e-e3cca30ae03b', '51d5f402-7150-4bab-af7c-816bdba735f5');
INSERT INTO school.students_courses (student_id, course_id) VALUES ('43f20afa-1271-4e24-aa7e-e3cca30ae03b', 'cea9af46-4727-4822-8f06-807efe886f42');
INSERT INTO school.students_courses (student_id, course_id) VALUES ('bd0c1b38-e8da-46d6-9368-3800a71a96ec', '9edbc2f6-15a6-4529-a298-379ea64fef12');
INSERT INTO school.students_courses (student_id, course_id) VALUES ('bd0c1b38-e8da-46d6-9368-3800a71a96ec', 'cea9af46-4727-4822-8f06-807efe886f42');
INSERT INTO school.students_courses (student_id, course_id) VALUES ('bd0c1b38-e8da-46d6-9368-3800a71a96ec', '1565f8d4-35bb-4c48-9045-c91acdb753ec');
INSERT INTO school.students_courses (student_id, course_id) VALUES ('7c40f616-24a2-404f-a205-deefcd702e4a', 'acffffde-c76d-4618-9a32-2e79d5cd087e');
INSERT INTO school.students_courses (student_id, course_id) VALUES ('db1102f2-beb4-43a1-956f-cb36258b02a9', 'cea9af46-4727-4822-8f06-807efe886f42');
INSERT INTO school.students_courses (student_id, course_id) VALUES ('52ae23c4-a2c0-4393-bde9-d6f92a6618fd', 'd6d50d2f-d3e7-4b74-aff6-4429fcdb51f5');
INSERT INTO school.students_courses (student_id, course_id) VALUES ('52ae23c4-a2c0-4393-bde9-d6f92a6618fd', '9edbc2f6-15a6-4529-a298-379ea64fef12');
INSERT INTO school.students_courses (student_id, course_id) VALUES ('52ae23c4-a2c0-4393-bde9-d6f92a6618fd', '99c44d20-1056-49a7-a3a4-2e86cf4e0688');
INSERT INTO school.students_courses (student_id, course_id) VALUES ('c1d97780-9c01-46c7-ae1b-df986881cb30', 'acffffde-c76d-4618-9a32-2e79d5cd087e');
INSERT INTO school.students_courses (student_id, course_id) VALUES ('c1d97780-9c01-46c7-ae1b-df986881cb30', 'df5b330d-5f6a-4223-8d0b-b71f45636b9f');
INSERT INTO school.students_courses (student_id, course_id) VALUES ('2e4c684d-12c1-4c9d-b35e-00e843233d46', '99c44d20-1056-49a7-a3a4-2e86cf4e0688');
INSERT INTO school.students_courses (student_id, course_id) VALUES ('87c92904-3b4b-4321-ba3e-599b4995e0ca', '51d5f402-7150-4bab-af7c-816bdba735f5');
INSERT INTO school.students_courses (student_id, course_id) VALUES ('e683bb29-2da1-4a7c-85f8-ff756273a4c8', 'd6d50d2f-d3e7-4b74-aff6-4429fcdb51f5');
INSERT INTO school.students_courses (student_id, course_id) VALUES ('e683bb29-2da1-4a7c-85f8-ff756273a4c8', '1a94740f-cab8-4522-91fa-ad996c72b92d');
INSERT INTO school.students_courses (student_id, course_id) VALUES ('3d41a73d-509c-4bc0-bc84-dfdf1fa19f18', 'd6d50d2f-d3e7-4b74-aff6-4429fcdb51f5');
INSERT INTO school.students_courses (student_id, course_id) VALUES ('3d41a73d-509c-4bc0-bc84-dfdf1fa19f18', 'acffffde-c76d-4618-9a32-2e79d5cd087e');
INSERT INTO school.students_courses (student_id, course_id) VALUES ('2f242e34-f61c-4bf6-a703-bff5d3cb2028', 'cea9af46-4727-4822-8f06-807efe886f42');
INSERT INTO school.students_courses (student_id, course_id) VALUES ('2f242e34-f61c-4bf6-a703-bff5d3cb2028', 'acffffde-c76d-4618-9a32-2e79d5cd087e');
INSERT INTO school.students_courses (student_id, course_id) VALUES ('8dfb6a9f-e162-4c9f-b034-885175be4a9b', 'cea9af46-4727-4822-8f06-807efe886f42');
INSERT INTO school.students_courses (student_id, course_id) VALUES ('8dfb6a9f-e162-4c9f-b034-885175be4a9b', '9edbc2f6-15a6-4529-a298-379ea64fef12');
INSERT INTO school.students_courses (student_id, course_id) VALUES ('8dfb6a9f-e162-4c9f-b034-885175be4a9b', 'df5b330d-5f6a-4223-8d0b-b71f45636b9f');
INSERT INTO school.students_courses (student_id, course_id) VALUES ('e479b1a9-4ab0-4fef-839c-3e1c8c254ea5', 'cea9af46-4727-4822-8f06-807efe886f42');
INSERT INTO school.students_courses (student_id, course_id) VALUES ('e479b1a9-4ab0-4fef-839c-3e1c8c254ea5', 'acffffde-c76d-4618-9a32-2e79d5cd087e');
INSERT INTO school.students_courses (student_id, course_id) VALUES ('18c54cd9-ff4c-4fde-ac0c-9b41909a8781', 'acffffde-c76d-4618-9a32-2e79d5cd087e');
INSERT INTO school.students_courses (student_id, course_id) VALUES ('16bb6fa7-b283-49c4-b495-e5c080d443cc', '1565f8d4-35bb-4c48-9045-c91acdb753ec');
INSERT INTO school.students_courses (student_id, course_id) VALUES ('16bb6fa7-b283-49c4-b495-e5c080d443cc', 'acffffde-c76d-4618-9a32-2e79d5cd087e');
INSERT INTO school.students_courses (student_id, course_id) VALUES ('237531ca-c09c-4564-b0f2-ec6c4bc88cf1', 'c4b891c8-d3bb-4ac2-8a9b-aa4644230160');
INSERT INTO school.students_courses (student_id, course_id) VALUES ('237531ca-c09c-4564-b0f2-ec6c4bc88cf1', 'cea9af46-4727-4822-8f06-807efe886f42');
INSERT INTO school.students_courses (student_id, course_id) VALUES ('f2b19865-3d2f-417f-9516-1a06e8b92dfe', 'c4b891c8-d3bb-4ac2-8a9b-aa4644230160');
INSERT INTO school.students_courses (student_id, course_id) VALUES ('f2b19865-3d2f-417f-9516-1a06e8b92dfe', 'd6d50d2f-d3e7-4b74-aff6-4429fcdb51f5');
INSERT INTO school.students_courses (student_id, course_id) VALUES ('f2b19865-3d2f-417f-9516-1a06e8b92dfe', '1a94740f-cab8-4522-91fa-ad996c72b92d');
INSERT INTO school.students_courses (student_id, course_id) VALUES ('b6c7613c-7b95-4411-a87b-aed618e2142a', '51d5f402-7150-4bab-af7c-816bdba735f5');
INSERT INTO school.students_courses (student_id, course_id) VALUES ('b6c7613c-7b95-4411-a87b-aed618e2142a', 'cea9af46-4727-4822-8f06-807efe886f42');
INSERT INTO school.students_courses (student_id, course_id) VALUES ('521dfd4e-06c3-424e-b26f-732b10774294', '51d5f402-7150-4bab-af7c-816bdba735f5');
INSERT INTO school.students_courses (student_id, course_id) VALUES ('6c69bece-78b8-42f8-9e08-f92177d0eee9', 'acffffde-c76d-4618-9a32-2e79d5cd087e');
INSERT INTO school.students_courses (student_id, course_id) VALUES ('35e2890b-d611-4b95-8b3e-eecd180b2b9d', 'c4b891c8-d3bb-4ac2-8a9b-aa4644230160');
INSERT INTO school.students_courses (student_id, course_id) VALUES ('35e2890b-d611-4b95-8b3e-eecd180b2b9d', '99c44d20-1056-49a7-a3a4-2e86cf4e0688');
INSERT INTO school.students_courses (student_id, course_id) VALUES ('94aea175-f660-4480-8787-35bd1542b3f7', 'df5b330d-5f6a-4223-8d0b-b71f45636b9f');
INSERT INTO school.students_courses (student_id, course_id) VALUES ('fbfb5593-56f8-4f09-ac5b-a6e3aa6ad038', 'cea9af46-4727-4822-8f06-807efe886f42');
INSERT INTO school.students_courses (student_id, course_id) VALUES ('fbfb5593-56f8-4f09-ac5b-a6e3aa6ad038', '1a94740f-cab8-4522-91fa-ad996c72b92d');
INSERT INTO school.students_courses (student_id, course_id) VALUES ('fbfb5593-56f8-4f09-ac5b-a6e3aa6ad038', 'acffffde-c76d-4618-9a32-2e79d5cd087e');
INSERT INTO school.students_courses (student_id, course_id) VALUES ('c87898f7-51e8-4842-863c-150376ee13f8', 'c4b891c8-d3bb-4ac2-8a9b-aa4644230160');
INSERT INTO school.students_courses (student_id, course_id) VALUES ('8446a830-2b5a-41af-9f99-551405b31425', 'd6d50d2f-d3e7-4b74-aff6-4429fcdb51f5');
INSERT INTO school.students_courses (student_id, course_id) VALUES ('8446a830-2b5a-41af-9f99-551405b31425', 'c4b891c8-d3bb-4ac2-8a9b-aa4644230160');
INSERT INTO school.students_courses (student_id, course_id) VALUES ('8446a830-2b5a-41af-9f99-551405b31425', 'df5b330d-5f6a-4223-8d0b-b71f45636b9f');
INSERT INTO school.students_courses (student_id, course_id) VALUES ('ecd4ca73-08dd-44ab-958a-829c1a550d27', 'c4b891c8-d3bb-4ac2-8a9b-aa4644230160');
INSERT INTO school.students_courses (student_id, course_id) VALUES ('ecd4ca73-08dd-44ab-958a-829c1a550d27', 'acffffde-c76d-4618-9a32-2e79d5cd087e');
INSERT INTO school.students_courses (student_id, course_id) VALUES ('ecd4ca73-08dd-44ab-958a-829c1a550d27', 'df5b330d-5f6a-4223-8d0b-b71f45636b9f');
INSERT INTO school.students_courses (student_id, course_id) VALUES ('f6ffa57b-15e2-4eed-bf32-bec837420bf3', 'd6d50d2f-d3e7-4b74-aff6-4429fcdb51f5');
INSERT INTO school.students_courses (student_id, course_id) VALUES ('424bbbca-7776-484b-9270-edf2febdda4c', '9edbc2f6-15a6-4529-a298-379ea64fef12');
INSERT INTO school.students_courses (student_id, course_id) VALUES ('424bbbca-7776-484b-9270-edf2febdda4c', '1a94740f-cab8-4522-91fa-ad996c72b92d');
INSERT INTO school.students_courses (student_id, course_id) VALUES ('424bbbca-7776-484b-9270-edf2febdda4c', 'df5b330d-5f6a-4223-8d0b-b71f45636b9f');
INSERT INTO school.students_courses (student_id, course_id) VALUES ('f792f3a2-a27a-4e86-9eda-d528ebc3961a', '51d5f402-7150-4bab-af7c-816bdba735f5');
INSERT INTO school.students_courses (student_id, course_id) VALUES ('f792f3a2-a27a-4e86-9eda-d528ebc3961a', 'c4b891c8-d3bb-4ac2-8a9b-aa4644230160');
INSERT INTO school.students_courses (student_id, course_id) VALUES ('86552fb2-9bde-4778-a965-d33b73e12c9c', 'c4b891c8-d3bb-4ac2-8a9b-aa4644230160');
INSERT INTO school.students_courses (student_id, course_id) VALUES ('86552fb2-9bde-4778-a965-d33b73e12c9c', '99c44d20-1056-49a7-a3a4-2e86cf4e0688');
INSERT INTO school.students_courses (student_id, course_id) VALUES ('5ffb5015-2099-4708-b468-a78b4f4b1f2e', '51d5f402-7150-4bab-af7c-816bdba735f5');
INSERT INTO school.students_courses (student_id, course_id) VALUES ('5ffb5015-2099-4708-b468-a78b4f4b1f2e', '99c44d20-1056-49a7-a3a4-2e86cf4e0688');
INSERT INTO school.students_courses (student_id, course_id) VALUES ('3eed5422-0ba2-4cae-805d-5b92d1d73e9e', 'd6d50d2f-d3e7-4b74-aff6-4429fcdb51f5');
INSERT INTO school.students_courses (student_id, course_id) VALUES ('7c87dc5c-bc7e-403b-8175-712ea3ab69f4', 'cea9af46-4727-4822-8f06-807efe886f42');
INSERT INTO school.students_courses (student_id, course_id) VALUES ('7c87dc5c-bc7e-403b-8175-712ea3ab69f4', 'df5b330d-5f6a-4223-8d0b-b71f45636b9f');
INSERT INTO school.students_courses (student_id, course_id) VALUES ('2941d117-8686-4749-b0e9-a5c6a06ff6c4', '51d5f402-7150-4bab-af7c-816bdba735f5');
INSERT INTO school.students_courses (student_id, course_id) VALUES ('2941d117-8686-4749-b0e9-a5c6a06ff6c4', '9edbc2f6-15a6-4529-a298-379ea64fef12');
INSERT INTO school.students_courses (student_id, course_id) VALUES ('2941d117-8686-4749-b0e9-a5c6a06ff6c4', '1565f8d4-35bb-4c48-9045-c91acdb753ec');
INSERT INTO school.students_courses (student_id, course_id) VALUES ('82f10c30-7eca-4f8d-9ce1-a16702c955f3', '1a94740f-cab8-4522-91fa-ad996c72b92d');
INSERT INTO school.students_courses (student_id, course_id) VALUES ('c27ac966-7701-49a4-8522-c93bc6b87ca8', '9edbc2f6-15a6-4529-a298-379ea64fef12');
INSERT INTO school.students_courses (student_id, course_id) VALUES ('c27ac966-7701-49a4-8522-c93bc6b87ca8', 'cea9af46-4727-4822-8f06-807efe886f42');
INSERT INTO school.students_courses (student_id, course_id) VALUES ('c27ac966-7701-49a4-8522-c93bc6b87ca8', '1a94740f-cab8-4522-91fa-ad996c72b92d');
INSERT INTO school.students_courses (student_id, course_id) VALUES ('15a4bc3f-fecc-4bb9-8041-c82ee7d05bc1', 'cea9af46-4727-4822-8f06-807efe886f42');
INSERT INTO school.students_courses (student_id, course_id) VALUES ('92419d59-2fe0-43d7-bc42-e7d4cd05c6d4', 'acffffde-c76d-4618-9a32-2e79d5cd087e');
INSERT INTO school.students_courses (student_id, course_id) VALUES ('3a5b0605-b0b3-4dbc-822a-e9a4db4dd499', 'c4b891c8-d3bb-4ac2-8a9b-aa4644230160');
INSERT INTO school.students_courses (student_id, course_id) VALUES ('3a5b0605-b0b3-4dbc-822a-e9a4db4dd499', 'd6d50d2f-d3e7-4b74-aff6-4429fcdb51f5');
INSERT INTO school.students_courses (student_id, course_id) VALUES ('3a5b0605-b0b3-4dbc-822a-e9a4db4dd499', '1a94740f-cab8-4522-91fa-ad996c72b92d');
INSERT INTO school.students_courses (student_id, course_id) VALUES ('9fbce8b2-dcac-492e-bda1-a5e8ce84ec7c', 'c4b891c8-d3bb-4ac2-8a9b-aa4644230160');
INSERT INTO school.students_courses (student_id, course_id) VALUES ('9fbce8b2-dcac-492e-bda1-a5e8ce84ec7c', '99c44d20-1056-49a7-a3a4-2e86cf4e0688');
INSERT INTO school.students_courses (student_id, course_id) VALUES ('55762c36-6503-45e2-9ba1-8d56edfe999d', '9edbc2f6-15a6-4529-a298-379ea64fef12');
INSERT INTO school.students_courses (student_id, course_id) VALUES ('55762c36-6503-45e2-9ba1-8d56edfe999d', '1565f8d4-35bb-4c48-9045-c91acdb753ec');
INSERT INTO school.students_courses (student_id, course_id) VALUES ('c7baa66c-206e-408e-8a66-1f06fb369be9', '1565f8d4-35bb-4c48-9045-c91acdb753ec');
INSERT INTO school.students_courses (student_id, course_id) VALUES ('c7baa66c-206e-408e-8a66-1f06fb369be9', '99c44d20-1056-49a7-a3a4-2e86cf4e0688');
INSERT INTO school.students_courses (student_id, course_id) VALUES ('c7baa66c-206e-408e-8a66-1f06fb369be9', 'df5b330d-5f6a-4223-8d0b-b71f45636b9f');
INSERT INTO school.students_courses (student_id, course_id) VALUES ('2f8f4cd5-7716-4942-8228-bca9d0a20ac8', 'cea9af46-4727-4822-8f06-807efe886f42');
INSERT INTO school.students_courses (student_id, course_id) VALUES ('2f8f4cd5-7716-4942-8228-bca9d0a20ac8', 'df5b330d-5f6a-4223-8d0b-b71f45636b9f');
INSERT INTO school.students_courses (student_id, course_id) VALUES ('4221ff02-ae79-44d8-9186-a43c571357ab', 'c4b891c8-d3bb-4ac2-8a9b-aa4644230160');
INSERT INTO school.students_courses (student_id, course_id) VALUES ('4221ff02-ae79-44d8-9186-a43c571357ab', '9edbc2f6-15a6-4529-a298-379ea64fef12');
INSERT INTO school.students_courses (student_id, course_id) VALUES ('4221ff02-ae79-44d8-9186-a43c571357ab', '1a94740f-cab8-4522-91fa-ad996c72b92d');
INSERT INTO school.students_courses (student_id, course_id) VALUES ('61a5aa2a-00d4-4efb-b6ba-9f8aabf0a62d', 'd6d50d2f-d3e7-4b74-aff6-4429fcdb51f5');
INSERT INTO school.students_courses (student_id, course_id) VALUES ('61a5aa2a-00d4-4efb-b6ba-9f8aabf0a62d', '1a94740f-cab8-4522-91fa-ad996c72b92d');
INSERT INTO school.students_courses (student_id, course_id) VALUES ('7206ea27-846c-44a4-92d3-c73e3d6ba118', '9edbc2f6-15a6-4529-a298-379ea64fef12');
INSERT INTO school.students_courses (student_id, course_id) VALUES ('7206ea27-846c-44a4-92d3-c73e3d6ba118', 'acffffde-c76d-4618-9a32-2e79d5cd087e');
INSERT INTO school.students_courses (student_id, course_id) VALUES ('06886260-6cd5-43a3-b04a-e9278c78e62f', 'df5b330d-5f6a-4223-8d0b-b71f45636b9f');
INSERT INTO school.students_courses (student_id, course_id) VALUES ('8f473887-c926-4b29-85d4-b362f686d9d3', 'd6d50d2f-d3e7-4b74-aff6-4429fcdb51f5');
INSERT INTO school.students_courses (student_id, course_id) VALUES ('8f473887-c926-4b29-85d4-b362f686d9d3', 'acffffde-c76d-4618-9a32-2e79d5cd087e');
INSERT INTO school.students_courses (student_id, course_id) VALUES ('8f473887-c926-4b29-85d4-b362f686d9d3', '99c44d20-1056-49a7-a3a4-2e86cf4e0688');
INSERT INTO school.students_courses (student_id, course_id) VALUES ('129917d4-6e81-4e7b-8bb5-92003a821a3c', '51d5f402-7150-4bab-af7c-816bdba735f5');
INSERT INTO school.students_courses (student_id, course_id) VALUES ('129917d4-6e81-4e7b-8bb5-92003a821a3c', '99c44d20-1056-49a7-a3a4-2e86cf4e0688');
INSERT INTO school.students_courses (student_id, course_id) VALUES ('b198ef6a-23a9-4589-b159-f0e9e69c33c8', '51d5f402-7150-4bab-af7c-816bdba735f5');
INSERT INTO school.students_courses (student_id, course_id) VALUES ('b198ef6a-23a9-4589-b159-f0e9e69c33c8', 'cea9af46-4727-4822-8f06-807efe886f42');
INSERT INTO school.students_courses (student_id, course_id) VALUES ('b198ef6a-23a9-4589-b159-f0e9e69c33c8', '99c44d20-1056-49a7-a3a4-2e86cf4e0688');
INSERT INTO school.students_courses (student_id, course_id) VALUES ('edd4cfbb-698c-437b-a00e-af4d04fbcc43', '1a94740f-cab8-4522-91fa-ad996c72b92d');
INSERT INTO school.students_courses (student_id, course_id) VALUES ('f8006704-f1ee-45dd-aa03-5a982fa3bf5e', '51d5f402-7150-4bab-af7c-816bdba735f5');
INSERT INTO school.students_courses (student_id, course_id) VALUES ('41278e54-f4e2-4e46-ac14-3e700b1400eb', 'cea9af46-4727-4822-8f06-807efe886f42');
INSERT INTO school.students_courses (student_id, course_id) VALUES ('41278e54-f4e2-4e46-ac14-3e700b1400eb', '9edbc2f6-15a6-4529-a298-379ea64fef12');
INSERT INTO school.students_courses (student_id, course_id) VALUES ('41278e54-f4e2-4e46-ac14-3e700b1400eb', 'acffffde-c76d-4618-9a32-2e79d5cd087e');
INSERT INTO school.students_courses (student_id, course_id) VALUES ('dad62cc1-f069-4166-9f1a-92b3b6bbbaed', 'd6d50d2f-d3e7-4b74-aff6-4429fcdb51f5');
INSERT INTO school.students_courses (student_id, course_id) VALUES ('dad62cc1-f069-4166-9f1a-92b3b6bbbaed', 'c4b891c8-d3bb-4ac2-8a9b-aa4644230160');
INSERT INTO school.students_courses (student_id, course_id) VALUES ('4621575f-b3ca-4cec-9455-80817202f51e', '1565f8d4-35bb-4c48-9045-c91acdb753ec');
INSERT INTO school.students_courses (student_id, course_id) VALUES ('db9715e3-55f9-4cc2-92c1-6398a5dcddd0', 'c4b891c8-d3bb-4ac2-8a9b-aa4644230160');
INSERT INTO school.students_courses (student_id, course_id) VALUES ('db9715e3-55f9-4cc2-92c1-6398a5dcddd0', 'cea9af46-4727-4822-8f06-807efe886f42');
INSERT INTO school.students_courses (student_id, course_id) VALUES ('db9715e3-55f9-4cc2-92c1-6398a5dcddd0', '1565f8d4-35bb-4c48-9045-c91acdb753ec');
INSERT INTO school.students_courses (student_id, course_id) VALUES ('8dec1996-4ebc-4703-b67e-10733babab84', '51d5f402-7150-4bab-af7c-816bdba735f5');
INSERT INTO school.students_courses (student_id, course_id) VALUES ('4a994a65-60bd-4e11-bdb1-bdf048596dc2', '1565f8d4-35bb-4c48-9045-c91acdb753ec');
INSERT INTO school.students_courses (student_id, course_id) VALUES ('4a994a65-60bd-4e11-bdb1-bdf048596dc2', '99c44d20-1056-49a7-a3a4-2e86cf4e0688');
INSERT INTO school.students_courses (student_id, course_id) VALUES ('36d61579-79cd-40cd-869a-30f0003b4764', 'df5b330d-5f6a-4223-8d0b-b71f45636b9f');
INSERT INTO school.students_courses (student_id, course_id) VALUES ('ba577cd7-51ac-4d61-8b22-a4302a3c7ad6', 'd6d50d2f-d3e7-4b74-aff6-4429fcdb51f5');
INSERT INTO school.students_courses (student_id, course_id) VALUES ('ba577cd7-51ac-4d61-8b22-a4302a3c7ad6', '9edbc2f6-15a6-4529-a298-379ea64fef12');
INSERT INTO school.students_courses (student_id, course_id) VALUES ('0dca2c0a-58fa-4800-96e6-b91ef9188979', 'd6d50d2f-d3e7-4b74-aff6-4429fcdb51f5');
INSERT INTO school.students_courses (student_id, course_id) VALUES ('0dca2c0a-58fa-4800-96e6-b91ef9188979', '1565f8d4-35bb-4c48-9045-c91acdb753ec');
INSERT INTO school.students_courses (student_id, course_id) VALUES ('0dca2c0a-58fa-4800-96e6-b91ef9188979', 'acffffde-c76d-4618-9a32-2e79d5cd087e');
INSERT INTO school.students_courses (student_id, course_id) VALUES ('a8fcc912-a83e-4e94-951f-2a1bb3d89c5c', '51d5f402-7150-4bab-af7c-816bdba735f5');
INSERT INTO school.students_courses (student_id, course_id) VALUES ('a8fcc912-a83e-4e94-951f-2a1bb3d89c5c', 'c4b891c8-d3bb-4ac2-8a9b-aa4644230160');
INSERT INTO school.students_courses (student_id, course_id) VALUES ('a8fcc912-a83e-4e94-951f-2a1bb3d89c5c', 'cea9af46-4727-4822-8f06-807efe886f42');
INSERT INTO school.students_courses (student_id, course_id) VALUES ('b074dd6f-5f06-4b30-a449-e4b48936b956', 'd6d50d2f-d3e7-4b74-aff6-4429fcdb51f5');
INSERT INTO school.students_courses (student_id, course_id) VALUES ('b074dd6f-5f06-4b30-a449-e4b48936b956', 'cea9af46-4727-4822-8f06-807efe886f42');
INSERT INTO school.students_courses (student_id, course_id) VALUES ('b074dd6f-5f06-4b30-a449-e4b48936b956', '1a94740f-cab8-4522-91fa-ad996c72b92d');
INSERT INTO school.students_courses (student_id, course_id) VALUES ('a0aad13a-2048-41af-a2b9-c363ea0ed570', '1565f8d4-35bb-4c48-9045-c91acdb753ec');
INSERT INTO school.students_courses (student_id, course_id) VALUES ('a0aad13a-2048-41af-a2b9-c363ea0ed570', '1a94740f-cab8-4522-91fa-ad996c72b92d');
INSERT INTO school.students_courses (student_id, course_id) VALUES ('b0b85e84-84b4-48b1-b72a-9d1b6f231cef', 'c4b891c8-d3bb-4ac2-8a9b-aa4644230160');
INSERT INTO school.students_courses (student_id, course_id) VALUES ('b0b85e84-84b4-48b1-b72a-9d1b6f231cef', '1a94740f-cab8-4522-91fa-ad996c72b92d');
INSERT INTO school.students_courses (student_id, course_id) VALUES ('b0b85e84-84b4-48b1-b72a-9d1b6f231cef', '99c44d20-1056-49a7-a3a4-2e86cf4e0688');
INSERT INTO school.students_courses (student_id, course_id) VALUES ('782c819c-4204-4e77-a014-dbefce126227', 'acffffde-c76d-4618-9a32-2e79d5cd087e');
INSERT INTO school.students_courses (student_id, course_id) VALUES ('4f9c5b5c-ac87-4838-a14b-97a448cdd1ed', 'd6d50d2f-d3e7-4b74-aff6-4429fcdb51f5');
INSERT INTO school.students_courses (student_id, course_id) VALUES ('4f9c5b5c-ac87-4838-a14b-97a448cdd1ed', 'c4b891c8-d3bb-4ac2-8a9b-aa4644230160');
INSERT INTO school.students_courses (student_id, course_id) VALUES ('fc51dbd8-6551-4791-9a49-84f89013199b', 'd6d50d2f-d3e7-4b74-aff6-4429fcdb51f5');
INSERT INTO school.students_courses (student_id, course_id) VALUES ('fc51dbd8-6551-4791-9a49-84f89013199b', 'acffffde-c76d-4618-9a32-2e79d5cd087e');
INSERT INTO school.students_courses (student_id, course_id) VALUES ('1adfa8e2-8f56-45a3-8ca2-a68777d76f1a', 'c4b891c8-d3bb-4ac2-8a9b-aa4644230160');
INSERT INTO school.students_courses (student_id, course_id) VALUES ('1adfa8e2-8f56-45a3-8ca2-a68777d76f1a', 'd6d50d2f-d3e7-4b74-aff6-4429fcdb51f5');
INSERT INTO school.students_courses (student_id, course_id) VALUES ('1adfa8e2-8f56-45a3-8ca2-a68777d76f1a', 'cea9af46-4727-4822-8f06-807efe886f42');
INSERT INTO school.students_courses (student_id, course_id) VALUES ('a50dca8e-6c86-4827-9abd-d6eacb836c1d', 'c4b891c8-d3bb-4ac2-8a9b-aa4644230160');
INSERT INTO school.students_courses (student_id, course_id) VALUES ('a50dca8e-6c86-4827-9abd-d6eacb836c1d', '9edbc2f6-15a6-4529-a298-379ea64fef12');
INSERT INTO school.students_courses (student_id, course_id) VALUES ('b2d3b41f-390c-4873-8ab6-f7820c75fcf6', '9edbc2f6-15a6-4529-a298-379ea64fef12');
INSERT INTO school.students_courses (student_id, course_id) VALUES ('b2d3b41f-390c-4873-8ab6-f7820c75fcf6', '1565f8d4-35bb-4c48-9045-c91acdb753ec');
INSERT INTO school.students_courses (student_id, course_id) VALUES ('b2d3b41f-390c-4873-8ab6-f7820c75fcf6', '99c44d20-1056-49a7-a3a4-2e86cf4e0688');
INSERT INTO school.students_courses (student_id, course_id) VALUES ('16e1617d-e888-4629-965a-feb1dbe92a29', 'd6d50d2f-d3e7-4b74-aff6-4429fcdb51f5');
INSERT INTO school.students_courses (student_id, course_id) VALUES ('16e1617d-e888-4629-965a-feb1dbe92a29', 'cea9af46-4727-4822-8f06-807efe886f42');
INSERT INTO school.students_courses (student_id, course_id) VALUES ('16e1617d-e888-4629-965a-feb1dbe92a29', '9edbc2f6-15a6-4529-a298-379ea64fef12');
INSERT INTO school.students_courses (student_id, course_id) VALUES ('8ac099ef-eea6-43b9-84f9-ba27f63855c2', 'c4b891c8-d3bb-4ac2-8a9b-aa4644230160');
INSERT INTO school.students_courses (student_id, course_id) VALUES ('8ac099ef-eea6-43b9-84f9-ba27f63855c2', '9edbc2f6-15a6-4529-a298-379ea64fef12');
INSERT INTO school.students_courses (student_id, course_id) VALUES ('2be9d487-a0b5-4d89-83f8-2be0ef8ec326', '1565f8d4-35bb-4c48-9045-c91acdb753ec');
INSERT INTO school.students_courses (student_id, course_id) VALUES ('f2dee2a3-af97-49be-8ef4-7f6b32d3cc01', '1565f8d4-35bb-4c48-9045-c91acdb753ec');
INSERT INTO school.students_courses (student_id, course_id) VALUES ('f2dee2a3-af97-49be-8ef4-7f6b32d3cc01', 'df5b330d-5f6a-4223-8d0b-b71f45636b9f');
INSERT INTO school.students_courses (student_id, course_id) VALUES ('e1e2c12b-0841-42df-bc2a-10b11ba82ec8', '9edbc2f6-15a6-4529-a298-379ea64fef12');
INSERT INTO school.students_courses (student_id, course_id) VALUES ('e1e2c12b-0841-42df-bc2a-10b11ba82ec8', 'acffffde-c76d-4618-9a32-2e79d5cd087e');
INSERT INTO school.students_courses (student_id, course_id) VALUES ('3fc5070d-9655-4bce-8c6e-4b73cb1a8987', '51d5f402-7150-4bab-af7c-816bdba735f5');
INSERT INTO school.students_courses (student_id, course_id) VALUES ('3fc5070d-9655-4bce-8c6e-4b73cb1a8987', 'acffffde-c76d-4618-9a32-2e79d5cd087e');
INSERT INTO school.students_courses (student_id, course_id) VALUES ('3fc5070d-9655-4bce-8c6e-4b73cb1a8987', '99c44d20-1056-49a7-a3a4-2e86cf4e0688');
INSERT INTO school.students_courses (student_id, course_id) VALUES ('e961633c-1079-43b5-8e17-7547d62e0190', '1a94740f-cab8-4522-91fa-ad996c72b92d');
INSERT INTO school.students_courses (student_id, course_id) VALUES ('e961633c-1079-43b5-8e17-7547d62e0190', 'df5b330d-5f6a-4223-8d0b-b71f45636b9f');
INSERT INTO school.students_courses (student_id, course_id) VALUES ('615b35f7-f420-445f-b704-886a8c169ae1', '51d5f402-7150-4bab-af7c-816bdba735f5');
INSERT INTO school.students_courses (student_id, course_id) VALUES ('615b35f7-f420-445f-b704-886a8c169ae1', 'c4b891c8-d3bb-4ac2-8a9b-aa4644230160');
INSERT INTO school.students_courses (student_id, course_id) VALUES ('615b35f7-f420-445f-b704-886a8c169ae1', 'cea9af46-4727-4822-8f06-807efe886f42');
INSERT INTO school.students_courses (student_id, course_id) VALUES ('0771408c-c31f-469c-8d54-bbd18f8bec0a', '51d5f402-7150-4bab-af7c-816bdba735f5');
INSERT INTO school.students_courses (student_id, course_id) VALUES ('0771408c-c31f-469c-8d54-bbd18f8bec0a', 'df5b330d-5f6a-4223-8d0b-b71f45636b9f');
INSERT INTO school.students_courses (student_id, course_id) VALUES ('75c3686c-466d-4520-a0e1-a1c991b12065', '1565f8d4-35bb-4c48-9045-c91acdb753ec');
INSERT INTO school.students_courses (student_id, course_id) VALUES ('75c3686c-466d-4520-a0e1-a1c991b12065', 'acffffde-c76d-4618-9a32-2e79d5cd087e');
INSERT INTO school.students_courses (student_id, course_id) VALUES ('75c3686c-466d-4520-a0e1-a1c991b12065', '99c44d20-1056-49a7-a3a4-2e86cf4e0688');
INSERT INTO school.students_courses (student_id, course_id) VALUES ('c1a80036-1bf6-4e57-9dd7-c5de3463be21', '1a94740f-cab8-4522-91fa-ad996c72b92d');
INSERT INTO school.students_courses (student_id, course_id) VALUES ('c1a80036-1bf6-4e57-9dd7-c5de3463be21', '99c44d20-1056-49a7-a3a4-2e86cf4e0688');
INSERT INTO school.students_courses (student_id, course_id) VALUES ('6866c96f-39ca-4bf3-a55d-2b51230a68d4', 'c4b891c8-d3bb-4ac2-8a9b-aa4644230160');
INSERT INTO school.students_courses (student_id, course_id) VALUES ('6866c96f-39ca-4bf3-a55d-2b51230a68d4', 'acffffde-c76d-4618-9a32-2e79d5cd087e');
INSERT INTO school.students_courses (student_id, course_id) VALUES ('071488cc-792f-4bdf-ad38-5cdd29e99bbb', '51d5f402-7150-4bab-af7c-816bdba735f5');
INSERT INTO school.students_courses (student_id, course_id) VALUES ('071488cc-792f-4bdf-ad38-5cdd29e99bbb', '1565f8d4-35bb-4c48-9045-c91acdb753ec');
INSERT INTO school.students_courses (student_id, course_id) VALUES ('071488cc-792f-4bdf-ad38-5cdd29e99bbb', 'df5b330d-5f6a-4223-8d0b-b71f45636b9f');
INSERT INTO school.students_courses (student_id, course_id) VALUES ('cb3e3454-a240-4e6b-86ab-61d9db6b88fd', '99c44d20-1056-49a7-a3a4-2e86cf4e0688');
INSERT INTO school.students_courses (student_id, course_id) VALUES ('6fab0093-3162-4515-b817-5eeff65afb27', 'df5b330d-5f6a-4223-8d0b-b71f45636b9f');
INSERT INTO school.students_courses (student_id, course_id) VALUES ('86e06fdb-e671-41b7-ae40-34df88a498f5', 'cea9af46-4727-4822-8f06-807efe886f42');
INSERT INTO school.students_courses (student_id, course_id) VALUES ('86e06fdb-e671-41b7-ae40-34df88a498f5', 'df5b330d-5f6a-4223-8d0b-b71f45636b9f');
INSERT INTO school.students_courses (student_id, course_id) VALUES ('c6ef742a-0636-4879-83af-3dc93d4bf54c', '51d5f402-7150-4bab-af7c-816bdba735f5');
INSERT INTO school.students_courses (student_id, course_id) VALUES ('7be565c4-cc16-4338-b1b7-cfd062207574', '51d5f402-7150-4bab-af7c-816bdba735f5');
INSERT INTO school.students_courses (student_id, course_id) VALUES ('7be565c4-cc16-4338-b1b7-cfd062207574', '1565f8d4-35bb-4c48-9045-c91acdb753ec');
INSERT INTO school.students_courses (student_id, course_id) VALUES ('75ee4727-5c54-4b84-8f6a-3ea036154cd0', '51d5f402-7150-4bab-af7c-816bdba735f5');
INSERT INTO school.students_courses (student_id, course_id) VALUES ('13dc5580-4150-4e08-8bb3-81d5b9847f16', '51d5f402-7150-4bab-af7c-816bdba735f5');
INSERT INTO school.students_courses (student_id, course_id) VALUES ('13dc5580-4150-4e08-8bb3-81d5b9847f16', '1565f8d4-35bb-4c48-9045-c91acdb753ec');
INSERT INTO school.students_courses (student_id, course_id) VALUES ('38d6546d-5686-4391-b551-0f9b982052c7', 'cea9af46-4727-4822-8f06-807efe886f42');
INSERT INTO school.students_courses (student_id, course_id) VALUES ('38d6546d-5686-4391-b551-0f9b982052c7', '1a94740f-cab8-4522-91fa-ad996c72b92d');
INSERT INTO school.students_courses (student_id, course_id) VALUES ('38d6546d-5686-4391-b551-0f9b982052c7', 'df5b330d-5f6a-4223-8d0b-b71f45636b9f');
INSERT INTO school.students_courses (student_id, course_id) VALUES ('ac536cd2-fc22-4d8a-918d-299f4298dd43', '1a94740f-cab8-4522-91fa-ad996c72b92d');
INSERT INTO school.students_courses (student_id, course_id) VALUES ('ac536cd2-fc22-4d8a-918d-299f4298dd43', 'acffffde-c76d-4618-9a32-2e79d5cd087e');
INSERT INTO school.students_courses (student_id, course_id) VALUES ('5bb53492-bfa3-4560-ac85-d9ea89d92e4d', 'c4b891c8-d3bb-4ac2-8a9b-aa4644230160');
INSERT INTO school.students_courses (student_id, course_id) VALUES ('74bbc084-60b0-4b41-967b-52ebc724f3db', 'c4b891c8-d3bb-4ac2-8a9b-aa4644230160');
INSERT INTO school.students_courses (student_id, course_id) VALUES ('74bbc084-60b0-4b41-967b-52ebc724f3db', '99c44d20-1056-49a7-a3a4-2e86cf4e0688');
INSERT INTO school.students_courses (student_id, course_id) VALUES ('f1b5b468-f4c9-4fd1-8f07-9fb31c67d34f', 'c4b891c8-d3bb-4ac2-8a9b-aa4644230160');
INSERT INTO school.students_courses (student_id, course_id) VALUES ('f1b5b468-f4c9-4fd1-8f07-9fb31c67d34f', '1a94740f-cab8-4522-91fa-ad996c72b92d');
INSERT INTO school.students_courses (student_id, course_id) VALUES ('f1b5b468-f4c9-4fd1-8f07-9fb31c67d34f', '99c44d20-1056-49a7-a3a4-2e86cf4e0688');
INSERT INTO school.students_courses (student_id, course_id) VALUES ('50704d7f-44a3-4474-92b9-cc5f25392763', '1a94740f-cab8-4522-91fa-ad996c72b92d');
INSERT INTO school.students_courses (student_id, course_id) VALUES ('c5efeee2-9ff0-40e1-914b-e7d69b3e6652', 'c4b891c8-d3bb-4ac2-8a9b-aa4644230160');
INSERT INTO school.students_courses (student_id, course_id) VALUES ('c5efeee2-9ff0-40e1-914b-e7d69b3e6652', '9edbc2f6-15a6-4529-a298-379ea64fef12');
INSERT INTO school.students_courses (student_id, course_id) VALUES ('c5efeee2-9ff0-40e1-914b-e7d69b3e6652', '99c44d20-1056-49a7-a3a4-2e86cf4e0688');
INSERT INTO school.students_courses (student_id, course_id) VALUES ('0d07dcee-0280-4ece-9520-82dcb7f064c4', 'c4b891c8-d3bb-4ac2-8a9b-aa4644230160');
INSERT INTO school.students_courses (student_id, course_id) VALUES ('0d07dcee-0280-4ece-9520-82dcb7f064c4', '9edbc2f6-15a6-4529-a298-379ea64fef12');
INSERT INTO school.students_courses (student_id, course_id) VALUES ('c80c10df-3b49-479e-8148-6db9c260012a', 'd6d50d2f-d3e7-4b74-aff6-4429fcdb51f5');
INSERT INTO school.students_courses (student_id, course_id) VALUES ('c80c10df-3b49-479e-8148-6db9c260012a', '1a94740f-cab8-4522-91fa-ad996c72b92d');
INSERT INTO school.students_courses (student_id, course_id) VALUES ('63e116a1-3c8a-49dc-89dd-1c14739aaee2', '1a94740f-cab8-4522-91fa-ad996c72b92d');
INSERT INTO school.students_courses (student_id, course_id) VALUES ('63e116a1-3c8a-49dc-89dd-1c14739aaee2', 'acffffde-c76d-4618-9a32-2e79d5cd087e');
INSERT INTO school.students_courses (student_id, course_id) VALUES ('63e116a1-3c8a-49dc-89dd-1c14739aaee2', '99c44d20-1056-49a7-a3a4-2e86cf4e0688');
INSERT INTO school.students_courses (student_id, course_id) VALUES ('14b92529-fea8-46d5-b1cc-0f185c51d473', 'c4b891c8-d3bb-4ac2-8a9b-aa4644230160');
INSERT INTO school.students_courses (student_id, course_id) VALUES ('14b92529-fea8-46d5-b1cc-0f185c51d473', '9edbc2f6-15a6-4529-a298-379ea64fef12');
INSERT INTO school.students_courses (student_id, course_id) VALUES ('14b92529-fea8-46d5-b1cc-0f185c51d473', 'df5b330d-5f6a-4223-8d0b-b71f45636b9f');
INSERT INTO school.students_courses (student_id, course_id) VALUES ('2944322b-6ebf-4646-b19b-949523b10b13', '1565f8d4-35bb-4c48-9045-c91acdb753ec');
INSERT INTO school.students_courses (student_id, course_id) VALUES ('0f6f4e47-cc42-426f-8844-4e75ed53960b', 'df5b330d-5f6a-4223-8d0b-b71f45636b9f');
INSERT INTO school.students_courses (student_id, course_id) VALUES ('fd80cfbb-ad6e-41c4-a932-909a2a83e9bc', '1565f8d4-35bb-4c48-9045-c91acdb753ec');
INSERT INTO school.students_courses (student_id, course_id) VALUES ('18b84fc8-0b5c-43d3-b15e-bf1df6b1840d', '51d5f402-7150-4bab-af7c-816bdba735f5');
INSERT INTO school.students_courses (student_id, course_id) VALUES ('18b84fc8-0b5c-43d3-b15e-bf1df6b1840d', '1a94740f-cab8-4522-91fa-ad996c72b92d');
INSERT INTO school.students_courses (student_id, course_id) VALUES ('18b84fc8-0b5c-43d3-b15e-bf1df6b1840d', 'acffffde-c76d-4618-9a32-2e79d5cd087e');
INSERT INTO school.students_courses (student_id, course_id) VALUES ('8907095c-e9f9-4ba8-b5a0-6237f19b8af7', 'd6d50d2f-d3e7-4b74-aff6-4429fcdb51f5');
INSERT INTO school.students_courses (student_id, course_id) VALUES ('8907095c-e9f9-4ba8-b5a0-6237f19b8af7', '9edbc2f6-15a6-4529-a298-379ea64fef12');
INSERT INTO school.students_courses (student_id, course_id) VALUES ('8907095c-e9f9-4ba8-b5a0-6237f19b8af7', 'acffffde-c76d-4618-9a32-2e79d5cd087e');
INSERT INTO school.students_courses (student_id, course_id) VALUES ('1022ab3f-d51d-40a4-b5c1-ee39c940484c', 'd6d50d2f-d3e7-4b74-aff6-4429fcdb51f5');
INSERT INTO school.students_courses (student_id, course_id) VALUES ('1022ab3f-d51d-40a4-b5c1-ee39c940484c', 'c4b891c8-d3bb-4ac2-8a9b-aa4644230160');
INSERT INTO school.students_courses (student_id, course_id) VALUES ('1022ab3f-d51d-40a4-b5c1-ee39c940484c', 'cea9af46-4727-4822-8f06-807efe886f42');
INSERT INTO school.students_courses (student_id, course_id) VALUES ('7ef6f2e9-6744-4711-b072-bd7a14685e27', '1a94740f-cab8-4522-91fa-ad996c72b92d');
INSERT INTO school.students_courses (student_id, course_id) VALUES ('c741c0b8-17b8-4195-8f7e-1bcaaeb577cd', 'd6d50d2f-d3e7-4b74-aff6-4429fcdb51f5');
INSERT INTO school.students_courses (student_id, course_id) VALUES ('c741c0b8-17b8-4195-8f7e-1bcaaeb577cd', 'cea9af46-4727-4822-8f06-807efe886f42');
INSERT INTO school.students_courses (student_id, course_id) VALUES ('13abdddc-4e08-4e2e-afe5-6da4c9602be5', 'd6d50d2f-d3e7-4b74-aff6-4429fcdb51f5');
INSERT INTO school.students_courses (student_id, course_id) VALUES ('13abdddc-4e08-4e2e-afe5-6da4c9602be5', 'df5b330d-5f6a-4223-8d0b-b71f45636b9f');
INSERT INTO school.students_courses (student_id, course_id) VALUES ('28b63f29-a249-4c05-934e-d018bee88ffd', '1565f8d4-35bb-4c48-9045-c91acdb753ec');
INSERT INTO school.students_courses (student_id, course_id) VALUES ('031a8103-f3be-4f90-bad0-049b16e2ad0b', '1a94740f-cab8-4522-91fa-ad996c72b92d');
INSERT INTO school.students_courses (student_id, course_id) VALUES ('031a8103-f3be-4f90-bad0-049b16e2ad0b', 'acffffde-c76d-4618-9a32-2e79d5cd087e');
INSERT INTO school.students_courses (student_id, course_id) VALUES ('801e0558-90c0-4e32-ba92-0f812c0bc68b', '51d5f402-7150-4bab-af7c-816bdba735f5');
INSERT INTO school.students_courses (student_id, course_id) VALUES ('801e0558-90c0-4e32-ba92-0f812c0bc68b', 'acffffde-c76d-4618-9a32-2e79d5cd087e');
INSERT INTO school.students_courses (student_id, course_id) VALUES ('a7e0ca03-95a4-458e-b71c-9ce51ca3b8fd', '51d5f402-7150-4bab-af7c-816bdba735f5');
INSERT INTO school.students_courses (student_id, course_id) VALUES ('a7e0ca03-95a4-458e-b71c-9ce51ca3b8fd', '1a94740f-cab8-4522-91fa-ad996c72b92d');
INSERT INTO school.students_courses (student_id, course_id) VALUES ('a7e0ca03-95a4-458e-b71c-9ce51ca3b8fd', '99c44d20-1056-49a7-a3a4-2e86cf4e0688');
INSERT INTO school.students_courses (student_id, course_id) VALUES ('c9316d6a-2781-4566-b227-e6966857bb4f', '51d5f402-7150-4bab-af7c-816bdba735f5');
INSERT INTO school.students_courses (student_id, course_id) VALUES ('c9316d6a-2781-4566-b227-e6966857bb4f', 'cea9af46-4727-4822-8f06-807efe886f42');
INSERT INTO school.students_courses (student_id, course_id) VALUES ('8923e0ef-9afd-48a1-a1c0-aeaf407ac5bc', '9edbc2f6-15a6-4529-a298-379ea64fef12');
INSERT INTO school.students_courses (student_id, course_id) VALUES ('a28aa373-b4d2-42e0-9f59-0f2581cf7ff7', '51d5f402-7150-4bab-af7c-816bdba735f5');
INSERT INTO school.students_courses (student_id, course_id) VALUES ('7f01d300-6b7b-421b-a891-50be4cfaea5b', '1a94740f-cab8-4522-91fa-ad996c72b92d');
INSERT INTO school.students_courses (student_id, course_id) VALUES ('10f81f2d-9db8-4b4c-bc45-b34466729306', '9edbc2f6-15a6-4529-a298-379ea64fef12');
INSERT INTO school.students_courses (student_id, course_id) VALUES ('10f81f2d-9db8-4b4c-bc45-b34466729306', '1565f8d4-35bb-4c48-9045-c91acdb753ec');
INSERT INTO school.students_courses (student_id, course_id) VALUES ('ec5b7a5a-e930-41c1-89ae-50864b3acc62', '1565f8d4-35bb-4c48-9045-c91acdb753ec');
INSERT INTO school.students_courses (student_id, course_id) VALUES ('ec5b7a5a-e930-41c1-89ae-50864b3acc62', 'df5b330d-5f6a-4223-8d0b-b71f45636b9f');
INSERT INTO school.students_courses (student_id, course_id) VALUES ('bcadb578-eb72-46a0-a29a-343760b3db89', 'acffffde-c76d-4618-9a32-2e79d5cd087e');
INSERT INTO school.students_courses (student_id, course_id) VALUES ('712c9b67-a0b3-4d48-8ec2-2df0acff970e', '1a94740f-cab8-4522-91fa-ad996c72b92d');
INSERT INTO school.students_courses (student_id, course_id) VALUES ('b3b836cb-97b7-4bdf-8c48-643d664547db', 'c4b891c8-d3bb-4ac2-8a9b-aa4644230160');
INSERT INTO school.students_courses (student_id, course_id) VALUES ('b3b836cb-97b7-4bdf-8c48-643d664547db', 'acffffde-c76d-4618-9a32-2e79d5cd087e');
INSERT INTO school.students_courses (student_id, course_id) VALUES ('0ebb3999-ae25-44ed-a551-e7ccc1e2013c', '9edbc2f6-15a6-4529-a298-379ea64fef12');
INSERT INTO school.students_courses (student_id, course_id) VALUES ('0ebb3999-ae25-44ed-a551-e7ccc1e2013c', '1a94740f-cab8-4522-91fa-ad996c72b92d');
INSERT INTO school.students_courses (student_id, course_id) VALUES ('ea0383d8-00a9-4f87-a903-5910c4fe2108', 'c4b891c8-d3bb-4ac2-8a9b-aa4644230160');
INSERT INTO school.students_courses (student_id, course_id) VALUES ('ea0383d8-00a9-4f87-a903-5910c4fe2108', '99c44d20-1056-49a7-a3a4-2e86cf4e0688');
INSERT INTO school.students_courses (student_id, course_id) VALUES ('1467f6ff-0e15-4895-a242-5ba5756a0f91', 'd6d50d2f-d3e7-4b74-aff6-4429fcdb51f5');
INSERT INTO school.students_courses (student_id, course_id) VALUES ('1467f6ff-0e15-4895-a242-5ba5756a0f91', '9edbc2f6-15a6-4529-a298-379ea64fef12');
INSERT INTO school.students_courses (student_id, course_id) VALUES ('1467f6ff-0e15-4895-a242-5ba5756a0f91', '1a94740f-cab8-4522-91fa-ad996c72b92d');
INSERT INTO school.students_courses (student_id, course_id) VALUES ('61fb7404-cc95-41d7-86a5-c15760911561', '1a94740f-cab8-4522-91fa-ad996c72b92d');
INSERT INTO school.students_courses (student_id, course_id) VALUES ('61fb7404-cc95-41d7-86a5-c15760911561', 'df5b330d-5f6a-4223-8d0b-b71f45636b9f');
INSERT INTO school.students_courses (student_id, course_id) VALUES ('f5667e35-2e2c-4d2a-9f98-2b4ca79193ea', '1a94740f-cab8-4522-91fa-ad996c72b92d');
INSERT INTO school.students_courses (student_id, course_id) VALUES ('f5667e35-2e2c-4d2a-9f98-2b4ca79193ea', 'acffffde-c76d-4618-9a32-2e79d5cd087e');
INSERT INTO school.students_courses (student_id, course_id) VALUES ('06d8dee7-ae7b-4f75-ac07-0d9dbd42e316', '51d5f402-7150-4bab-af7c-816bdba735f5');
INSERT INTO school.students_courses (student_id, course_id) VALUES ('d1c0894b-0433-4668-a53b-fe5eb0ab8664', 'c4b891c8-d3bb-4ac2-8a9b-aa4644230160');
INSERT INTO school.students_courses (student_id, course_id) VALUES ('6e80ba45-a431-45b2-a6dd-9ca665c88685', '1a94740f-cab8-4522-91fa-ad996c72b92d');
INSERT INTO school.students_courses (student_id, course_id) VALUES ('37fb3c18-207a-4a50-87ae-c2af7640a3ca', '9edbc2f6-15a6-4529-a298-379ea64fef12');
INSERT INTO school.students_courses (student_id, course_id) VALUES ('8b7de6f6-67ca-4593-ad2a-d970fe852b27', 'cea9af46-4727-4822-8f06-807efe886f42');
INSERT INTO school.students_courses (student_id, course_id) VALUES ('8b7de6f6-67ca-4593-ad2a-d970fe852b27', 'acffffde-c76d-4618-9a32-2e79d5cd087e');
INSERT INTO school.students_courses (student_id, course_id) VALUES ('218575f3-8a9e-4207-8aa6-2f29a2784ed8', 'c4b891c8-d3bb-4ac2-8a9b-aa4644230160');
INSERT INTO school.students_courses (student_id, course_id) VALUES ('218575f3-8a9e-4207-8aa6-2f29a2784ed8', '1565f8d4-35bb-4c48-9045-c91acdb753ec');
INSERT INTO school.students_courses (student_id, course_id) VALUES ('218575f3-8a9e-4207-8aa6-2f29a2784ed8', '1a94740f-cab8-4522-91fa-ad996c72b92d');
INSERT INTO school.students_courses (student_id, course_id) VALUES ('ad3d1ca1-de17-4329-9fca-3002ea8f68cf', '99c44d20-1056-49a7-a3a4-2e86cf4e0688');
INSERT INTO school.students_courses (student_id, course_id) VALUES ('0e854b11-5f02-4750-8dc3-b5b3194eb400', 'cea9af46-4727-4822-8f06-807efe886f42');
INSERT INTO school.students_courses (student_id, course_id) VALUES ('d630ebb9-9411-4589-a568-6d08ecf82ad7', '1a94740f-cab8-4522-91fa-ad996c72b92d');
INSERT INTO school.students_courses (student_id, course_id) VALUES ('d630ebb9-9411-4589-a568-6d08ecf82ad7', 'acffffde-c76d-4618-9a32-2e79d5cd087e');
INSERT INTO school.students_courses (student_id, course_id) VALUES ('7a3b0f26-4561-4e1f-b360-e32ea4f876f1', 'cea9af46-4727-4822-8f06-807efe886f42');
INSERT INTO school.students_courses (student_id, course_id) VALUES ('7a3b0f26-4561-4e1f-b360-e32ea4f876f1', '1a94740f-cab8-4522-91fa-ad996c72b92d');
INSERT INTO school.students_courses (student_id, course_id) VALUES ('45cf43d3-1b15-4eec-9c4a-4a7194a23c79', '51d5f402-7150-4bab-af7c-816bdba735f5');
INSERT INTO school.students_courses (student_id, course_id) VALUES ('45cf43d3-1b15-4eec-9c4a-4a7194a23c79', 'cea9af46-4727-4822-8f06-807efe886f42');
INSERT INTO school.students_courses (student_id, course_id) VALUES ('45cf43d3-1b15-4eec-9c4a-4a7194a23c79', '99c44d20-1056-49a7-a3a4-2e86cf4e0688');
INSERT INTO school.students_courses (student_id, course_id) VALUES ('67da7be2-37ee-4210-833e-0580f78638cf', '51d5f402-7150-4bab-af7c-816bdba735f5');
INSERT INTO school.students_courses (student_id, course_id) VALUES ('70f921a2-0466-4bdf-93e7-503aefa121e6', 'c4b891c8-d3bb-4ac2-8a9b-aa4644230160');
INSERT INTO school.students_courses (student_id, course_id) VALUES ('70f921a2-0466-4bdf-93e7-503aefa121e6', '9edbc2f6-15a6-4529-a298-379ea64fef12');
INSERT INTO school.students_courses (student_id, course_id) VALUES ('70f921a2-0466-4bdf-93e7-503aefa121e6', '1a94740f-cab8-4522-91fa-ad996c72b92d');
INSERT INTO school.students_courses (student_id, course_id) VALUES ('381c55da-b513-4987-b9c7-afcb49b1b1b6', '1565f8d4-35bb-4c48-9045-c91acdb753ec');
INSERT INTO school.students_courses (student_id, course_id) VALUES ('381c55da-b513-4987-b9c7-afcb49b1b1b6', 'acffffde-c76d-4618-9a32-2e79d5cd087e');
INSERT INTO school.students_courses (student_id, course_id) VALUES ('381c55da-b513-4987-b9c7-afcb49b1b1b6', '99c44d20-1056-49a7-a3a4-2e86cf4e0688');
INSERT INTO school.students_courses (student_id, course_id) VALUES ('f4c4194d-5cea-452a-b39f-af0c84c1574b', 'df5b330d-5f6a-4223-8d0b-b71f45636b9f');
INSERT INTO school.students_courses (student_id, course_id) VALUES ('bfe1878a-cfc9-4324-95b4-a5a3c5232220', '1565f8d4-35bb-4c48-9045-c91acdb753ec');
INSERT INTO school.students_courses (student_id, course_id) VALUES ('bfe1878a-cfc9-4324-95b4-a5a3c5232220', '1a94740f-cab8-4522-91fa-ad996c72b92d');
INSERT INTO school.students_courses (student_id, course_id) VALUES ('9cf47682-0833-4af8-830d-1c4417dd6f4c', '51d5f402-7150-4bab-af7c-816bdba735f5');
INSERT INTO school.students_courses (student_id, course_id) VALUES ('9cf47682-0833-4af8-830d-1c4417dd6f4c', '1a94740f-cab8-4522-91fa-ad996c72b92d');
INSERT INTO school.students_courses (student_id, course_id) VALUES ('fda95366-c072-40c0-b49c-65073f300bd7', 'd6d50d2f-d3e7-4b74-aff6-4429fcdb51f5');
INSERT INTO school.students_courses (student_id, course_id) VALUES ('fda95366-c072-40c0-b49c-65073f300bd7', 'acffffde-c76d-4618-9a32-2e79d5cd087e');
INSERT INTO school.students_courses (student_id, course_id) VALUES ('165560c1-abe3-4cd5-9536-c1747db6c5c6', '1565f8d4-35bb-4c48-9045-c91acdb753ec');
INSERT INTO school.students_courses (student_id, course_id) VALUES ('228e8d58-11e1-4f0f-86f2-7b11522e9823', 'acffffde-c76d-4618-9a32-2e79d5cd087e');
INSERT INTO school.students_courses (student_id, course_id) VALUES ('a0db67f8-ce9d-4f4d-94b1-0357af84ca5b', '51d5f402-7150-4bab-af7c-816bdba735f5');
INSERT INTO school.students_courses (student_id, course_id) VALUES ('a0db67f8-ce9d-4f4d-94b1-0357af84ca5b', 'acffffde-c76d-4618-9a32-2e79d5cd087e');
INSERT INTO school.students_courses (student_id, course_id) VALUES ('a0db67f8-ce9d-4f4d-94b1-0357af84ca5b', 'df5b330d-5f6a-4223-8d0b-b71f45636b9f');
INSERT INTO school.students_courses (student_id, course_id) VALUES ('a450569d-b5e7-48c9-9f81-9ce7d073faa9', '51d5f402-7150-4bab-af7c-816bdba735f5');
INSERT INTO school.students_courses (student_id, course_id) VALUES ('a450569d-b5e7-48c9-9f81-9ce7d073faa9', 'cea9af46-4727-4822-8f06-807efe886f42');
INSERT INTO school.students_courses (student_id, course_id) VALUES ('8fb81b11-e7e5-4e43-aa19-84d7e61eb335', 'cea9af46-4727-4822-8f06-807efe886f42');
INSERT INTO school.students_courses (student_id, course_id) VALUES ('8fb81b11-e7e5-4e43-aa19-84d7e61eb335', '9edbc2f6-15a6-4529-a298-379ea64fef12');
INSERT INTO school.students_courses (student_id, course_id) VALUES ('8fb81b11-e7e5-4e43-aa19-84d7e61eb335', '1a94740f-cab8-4522-91fa-ad996c72b92d');
INSERT INTO school.students_courses (student_id, course_id) VALUES ('46644008-9fb9-46cf-9865-1ddef6c72f03', 'acffffde-c76d-4618-9a32-2e79d5cd087e');
INSERT INTO school.students_courses (student_id, course_id) VALUES ('8d484aa1-b8ed-495f-ac64-49a34287d1d8', 'c4b891c8-d3bb-4ac2-8a9b-aa4644230160');
INSERT INTO school.students_courses (student_id, course_id) VALUES ('8d484aa1-b8ed-495f-ac64-49a34287d1d8', '1565f8d4-35bb-4c48-9045-c91acdb753ec');
INSERT INTO school.students_courses (student_id, course_id) VALUES ('8d484aa1-b8ed-495f-ac64-49a34287d1d8', 'df5b330d-5f6a-4223-8d0b-b71f45636b9f');
INSERT INTO school.students_courses (student_id, course_id) VALUES ('28bd5a3f-66c9-484b-a400-157e665d492b', 'c4b891c8-d3bb-4ac2-8a9b-aa4644230160');
INSERT INTO school.students_courses (student_id, course_id) VALUES ('28bd5a3f-66c9-484b-a400-157e665d492b', 'd6d50d2f-d3e7-4b74-aff6-4429fcdb51f5');
INSERT INTO school.students_courses (student_id, course_id) VALUES ('46702db5-622d-44d7-a109-d4e8be356079', '99c44d20-1056-49a7-a3a4-2e86cf4e0688');

-- [ PERMISSIONS ]
INSERT INTO school.permissions (permission_name, permission_description) VALUES ('GROUP_CREATE', 'Endpoint: groups; operation: create');
INSERT INTO school.permissions (permission_name, permission_description) VALUES ('GROUP_READ', 'Endpoint: groups; operation: read');
INSERT INTO school.permissions (permission_name, permission_description) VALUES ('GROUP_UPDATE', 'Endpoint: groups; operation: update');
INSERT INTO school.permissions (permission_name, permission_description) VALUES ('GROUP_DELETE', 'Endpoint: groups; operation: delete');
INSERT INTO school.permissions (permission_name, permission_description) VALUES ('COURSE_CREATE', 'Endpoint: courses; operation: create');
INSERT INTO school.permissions (permission_name, permission_description) VALUES ('COURSE_READ', 'Endpoint: courses; operation: read');
INSERT INTO school.permissions (permission_name, permission_description) VALUES ('COURSE_UPDATE', 'Endpoint: courses; operation: update');
INSERT INTO school.permissions (permission_name, permission_description) VALUES ('COURSE_DELETE', 'Endpoint: courses; operation: delete');
INSERT INTO school.permissions (permission_name, permission_description) VALUES ('STUDENT_CREATE', 'Endpoint: students; operation: create');
INSERT INTO school.permissions (permission_name, permission_description) VALUES ('STUDENT_READ', 'Endpoint: students; operation: read');
INSERT INTO school.permissions (permission_name, permission_description) VALUES ('STUDENT_UPDATE', 'Endpoint: students; operation: update');
INSERT INTO school.permissions (permission_name, permission_description) VALUES ('STUDENT_DELETE', 'Endpoint: students; operation: delete');
INSERT INTO school.permissions (permission_name, permission_description) VALUES ('PERMISSION_CREATE', 'Endpoint: permissions; operation: create');
INSERT INTO school.permissions (permission_name, permission_description) VALUES ('PERMISSION_READ', 'Endpoint: permissions; operation: read');
INSERT INTO school.permissions (permission_name, permission_description) VALUES ('PERMISSION_UPDATE', 'Endpoint: permissions; operation: update');
INSERT INTO school.permissions (permission_name, permission_description) VALUES ('PERMISSION_DELETE', 'Endpoint: permissions; operation: delete');
INSERT INTO school.permissions (permission_name, permission_description) VALUES ('USER_CREATE', 'Endpoint: users; operation: create');
INSERT INTO school.permissions (permission_name, permission_description) VALUES ('USER_READ', 'Endpoint: users; operation: read');
INSERT INTO school.permissions (permission_name, permission_description) VALUES ('USER_UPDATE', 'Endpoint: users; operation: update');
INSERT INTO school.permissions (permission_name, permission_description) VALUES ('USER_DELETE', 'Endpoint: users; operation: delete');

-- [ USERS ]
INSERT INTO school.users (user_id, user_login, user_password) VALUES ('f3f6ab13-61b4-48c0-a65b-b03363116190', 'user', '$2a$12$qh9xaN766tGARzNL0xOrAuBRF0ZkPMMkvdtKS.NMVCwxOItQv9MLm'); -- userPass
INSERT INTO school.users (user_id, user_login, user_password) VALUES ('17b5254a-e96e-4e85-a6d3-6f2a4b68f16c', 'teacher', '$2a$12$XWOgJwQlqcjShcivTEGztOoRrE.9WsQBKBUVECj/mW2yBGjv0VgUi'); -- teacherPass
INSERT INTO school.users (user_id, user_login, user_password) VALUES ('7702c794-9f05-11ed-a8fc-0242ac120002', 'admin', '$2a$12$amzrg/wj.ZdH0NvZcE4PAefVyGVQwQpy6Aql54Po0WyHkT3RcszCS'); -- adminPass
INSERT INTO school.users (user_id, user_login, user_password) VALUES ('7e21cf84-9f05-11ed-a8fc-0242ac120002', 'manager', '$2a$12$05z7rkfeMzN0rxdjqYCHreNW77NExjHbRkNrKaaw4DgdMGbptnyUm'); -- managerPass
INSERT INTO school.users (user_id, user_login, user_password) VALUES ('841337d4-9f05-11ed-a8fc-0242ac120002', 'super_admin', '$2a$12$qbkq9xegl0F018A0tAGavOSDVl2JbE2XZ.EaEAcR9wBkrTOZhnEYi'); -- superAdminPass

-- [ USERS  <- TO ->  PERMISSIONS ]
INSERT INTO school.users_permissions (user_id, permission_name) VALUES ('f3f6ab13-61b4-48c0-a65b-b03363116190', 'GROUP_READ');
INSERT INTO school.users_permissions (user_id, permission_name) VALUES ('f3f6ab13-61b4-48c0-a65b-b03363116190', 'COURSE_READ');
INSERT INTO school.users_permissions (user_id, permission_name) VALUES ('f3f6ab13-61b4-48c0-a65b-b03363116190', 'STUDENT_READ');
INSERT INTO school.users_permissions (user_id, permission_name) VALUES ('17b5254a-e96e-4e85-a6d3-6f2a4b68f16c', 'GROUP_CREATE');
INSERT INTO school.users_permissions (user_id, permission_name) VALUES ('17b5254a-e96e-4e85-a6d3-6f2a4b68f16c', 'GROUP_READ');
INSERT INTO school.users_permissions (user_id, permission_name) VALUES ('17b5254a-e96e-4e85-a6d3-6f2a4b68f16c', 'GROUP_UPDATE');
INSERT INTO school.users_permissions (user_id, permission_name) VALUES ('17b5254a-e96e-4e85-a6d3-6f2a4b68f16c', 'GROUP_DELETE');
INSERT INTO school.users_permissions (user_id, permission_name) VALUES ('17b5254a-e96e-4e85-a6d3-6f2a4b68f16c', 'COURSE_CREATE');
INSERT INTO school.users_permissions (user_id, permission_name) VALUES ('17b5254a-e96e-4e85-a6d3-6f2a4b68f16c', 'COURSE_READ');
INSERT INTO school.users_permissions (user_id, permission_name) VALUES ('17b5254a-e96e-4e85-a6d3-6f2a4b68f16c', 'COURSE_UPDATE');
INSERT INTO school.users_permissions (user_id, permission_name) VALUES ('17b5254a-e96e-4e85-a6d3-6f2a4b68f16c', 'COURSE_DELETE');
INSERT INTO school.users_permissions (user_id, permission_name) VALUES ('17b5254a-e96e-4e85-a6d3-6f2a4b68f16c', 'STUDENT_READ');
INSERT INTO school.users_permissions (user_id, permission_name) VALUES ('7702c794-9f05-11ed-a8fc-0242ac120002', 'GROUP_CREATE');
INSERT INTO school.users_permissions (user_id, permission_name) VALUES ('7702c794-9f05-11ed-a8fc-0242ac120002', 'GROUP_READ');
INSERT INTO school.users_permissions (user_id, permission_name) VALUES ('7702c794-9f05-11ed-a8fc-0242ac120002', 'GROUP_UPDATE');
INSERT INTO school.users_permissions (user_id, permission_name) VALUES ('7702c794-9f05-11ed-a8fc-0242ac120002', 'GROUP_DELETE');
INSERT INTO school.users_permissions (user_id, permission_name) VALUES ('7702c794-9f05-11ed-a8fc-0242ac120002', 'COURSE_CREATE');
INSERT INTO school.users_permissions (user_id, permission_name) VALUES ('7702c794-9f05-11ed-a8fc-0242ac120002', 'COURSE_READ');
INSERT INTO school.users_permissions (user_id, permission_name) VALUES ('7702c794-9f05-11ed-a8fc-0242ac120002', 'COURSE_UPDATE');
INSERT INTO school.users_permissions (user_id, permission_name) VALUES ('7702c794-9f05-11ed-a8fc-0242ac120002', 'COURSE_DELETE');
INSERT INTO school.users_permissions (user_id, permission_name) VALUES ('7702c794-9f05-11ed-a8fc-0242ac120002', 'STUDENT_CREATE');
INSERT INTO school.users_permissions (user_id, permission_name) VALUES ('7702c794-9f05-11ed-a8fc-0242ac120002', 'STUDENT_READ');
INSERT INTO school.users_permissions (user_id, permission_name) VALUES ('7702c794-9f05-11ed-a8fc-0242ac120002', 'STUDENT_UPDATE');
INSERT INTO school.users_permissions (user_id, permission_name) VALUES ('7702c794-9f05-11ed-a8fc-0242ac120002', 'STUDENT_DELETE');
INSERT INTO school.users_permissions (user_id, permission_name) VALUES ('7e21cf84-9f05-11ed-a8fc-0242ac120002', 'GROUP_CREATE');
INSERT INTO school.users_permissions (user_id, permission_name) VALUES ('7e21cf84-9f05-11ed-a8fc-0242ac120002', 'GROUP_READ');
INSERT INTO school.users_permissions (user_id, permission_name) VALUES ('7e21cf84-9f05-11ed-a8fc-0242ac120002', 'GROUP_UPDATE');
INSERT INTO school.users_permissions (user_id, permission_name) VALUES ('7e21cf84-9f05-11ed-a8fc-0242ac120002', 'GROUP_DELETE');
INSERT INTO school.users_permissions (user_id, permission_name) VALUES ('7e21cf84-9f05-11ed-a8fc-0242ac120002', 'COURSE_CREATE');
INSERT INTO school.users_permissions (user_id, permission_name) VALUES ('7e21cf84-9f05-11ed-a8fc-0242ac120002', 'COURSE_READ');
INSERT INTO school.users_permissions (user_id, permission_name) VALUES ('7e21cf84-9f05-11ed-a8fc-0242ac120002', 'COURSE_UPDATE');
INSERT INTO school.users_permissions (user_id, permission_name) VALUES ('7e21cf84-9f05-11ed-a8fc-0242ac120002', 'COURSE_DELETE');
INSERT INTO school.users_permissions (user_id, permission_name) VALUES ('7e21cf84-9f05-11ed-a8fc-0242ac120002', 'STUDENT_CREATE');
INSERT INTO school.users_permissions (user_id, permission_name) VALUES ('7e21cf84-9f05-11ed-a8fc-0242ac120002', 'STUDENT_READ');
INSERT INTO school.users_permissions (user_id, permission_name) VALUES ('7e21cf84-9f05-11ed-a8fc-0242ac120002', 'STUDENT_UPDATE');
INSERT INTO school.users_permissions (user_id, permission_name) VALUES ('7e21cf84-9f05-11ed-a8fc-0242ac120002', 'STUDENT_DELETE');
INSERT INTO school.users_permissions (user_id, permission_name) VALUES ('7e21cf84-9f05-11ed-a8fc-0242ac120002', 'USER_READ');
INSERT INTO school.users_permissions (user_id, permission_name) VALUES ('7e21cf84-9f05-11ed-a8fc-0242ac120002', 'USER_UPDATE');
INSERT INTO school.users_permissions (user_id, permission_name) VALUES ('841337d4-9f05-11ed-a8fc-0242ac120002', 'GROUP_CREATE');
INSERT INTO school.users_permissions (user_id, permission_name) VALUES ('841337d4-9f05-11ed-a8fc-0242ac120002', 'GROUP_READ');
INSERT INTO school.users_permissions (user_id, permission_name) VALUES ('841337d4-9f05-11ed-a8fc-0242ac120002', 'GROUP_UPDATE');
INSERT INTO school.users_permissions (user_id, permission_name) VALUES ('841337d4-9f05-11ed-a8fc-0242ac120002', 'GROUP_DELETE');
INSERT INTO school.users_permissions (user_id, permission_name) VALUES ('841337d4-9f05-11ed-a8fc-0242ac120002', 'COURSE_CREATE');
INSERT INTO school.users_permissions (user_id, permission_name) VALUES ('841337d4-9f05-11ed-a8fc-0242ac120002', 'COURSE_READ');
INSERT INTO school.users_permissions (user_id, permission_name) VALUES ('841337d4-9f05-11ed-a8fc-0242ac120002', 'COURSE_UPDATE');
INSERT INTO school.users_permissions (user_id, permission_name) VALUES ('841337d4-9f05-11ed-a8fc-0242ac120002', 'COURSE_DELETE');
INSERT INTO school.users_permissions (user_id, permission_name) VALUES ('841337d4-9f05-11ed-a8fc-0242ac120002', 'STUDENT_CREATE');
INSERT INTO school.users_permissions (user_id, permission_name) VALUES ('841337d4-9f05-11ed-a8fc-0242ac120002', 'STUDENT_READ');
INSERT INTO school.users_permissions (user_id, permission_name) VALUES ('841337d4-9f05-11ed-a8fc-0242ac120002', 'STUDENT_UPDATE');
INSERT INTO school.users_permissions (user_id, permission_name) VALUES ('841337d4-9f05-11ed-a8fc-0242ac120002', 'STUDENT_DELETE');
INSERT INTO school.users_permissions (user_id, permission_name) VALUES ('841337d4-9f05-11ed-a8fc-0242ac120002', 'USER_CREATE');
INSERT INTO school.users_permissions (user_id, permission_name) VALUES ('841337d4-9f05-11ed-a8fc-0242ac120002', 'USER_READ');
INSERT INTO school.users_permissions (user_id, permission_name) VALUES ('841337d4-9f05-11ed-a8fc-0242ac120002', 'USER_UPDATE');
INSERT INTO school.users_permissions (user_id, permission_name) VALUES ('841337d4-9f05-11ed-a8fc-0242ac120002', 'USER_DELETE');
INSERT INTO school.users_permissions (user_id, permission_name) VALUES ('841337d4-9f05-11ed-a8fc-0242ac120002', 'PERMISSION_CREATE');
INSERT INTO school.users_permissions (user_id, permission_name) VALUES ('841337d4-9f05-11ed-a8fc-0242ac120002', 'PERMISSION_READ');
INSERT INTO school.users_permissions (user_id, permission_name) VALUES ('841337d4-9f05-11ed-a8fc-0242ac120002', 'PERMISSION_UPDATE');
INSERT INTO school.users_permissions (user_id, permission_name) VALUES ('841337d4-9f05-11ed-a8fc-0242ac120002', 'PERMISSION_DELETE');